year,Sigla UF,access_to_fixed_internet,access_to_mobile_internet
2010,AC,17536,540755
2010,AL,38113,2339781
2010,AM,59217,2600713
2010,AP,2204,524248
2010,BA,341104,10410409
2010,CE,193868,6383731
2010,DF,309550,4126178
2010,ES,192011,3402197
2010,GO,333964,5755568
2010,MA,61963,2929169
2010,MG,1151707,18190131
2010,MS,129099,2547555
2010,MT,164230,2996221
2010,PA,109477,4919573
2010,PB,89590,2725418
2010,PE,214165,7733080
2010,PI,47835,1869083
2010,PR,1010639,9742979
2010,RJ,1343055,16813701
2010,RN,63659,2719222
2010,RO,52212,1334321
2010,RR,3890,308121
2010,RS,810387,11063677
2010,SC,569212,5912143
2010,SE,50446,1802356
2010,SP,5087995,44884223
2010,TO,44689,1024707
2010,AC,17536,545349
2010,AL,38113,2362963
2010,AM,59217,2645759
2010,AP,2204,530800
2010,BA,341104,10544801
2010,CE,193868,6432959
2010,DF,309550,4143146
2010,ES,192011,3422497
2010,GO,333964,5796719
2010,MA,61963,2981055
2010,MG,1151707,18258182
2010,MS,129099,2561600
2010,MT,164230,3013039
2010,PA,109477,4995998
2010,PB,89590,2761094
2010,PE,214165,7795123
2010,PI,47835,1896190
2010,PR,1010639,9825028
2010,RJ,1343055,16847573
2010,RN,63659,2751556
2010,RO,52212,1345142
2010,RR,3890,310045
2010,RS,810387,11120612
2010,SC,569212,5950835
2010,SE,50446,1823873
2010,SP,5087995,45068545
2010,TO,44689,1040555
2010,AC,21043,556621
2010,AL,42661,2413042
2010,AM,67173,2711945
2010,AP,5781,540821
2010,BA,366929,10743348
2010,CE,205080,6558736
2010,DF,362107,4173236
2010,ES,184327,3450119
2010,GO,373408,5860167
2010,MA,66100,3061028
2010,MG,1233627,18451580
2010,MS,143057,2594185
2010,MT,158419,3059372
2010,PA,111945,5111003
2010,PB,96022,2829842
2010,PE,235687,7950490
2010,PI,52173,1951940
2010,PR,992835,9980789
2010,RJ,1468265,16918858
2010,RN,74053,2802364
2010,RO,56804,1367802
2010,RR,5256,316838
2010,RS,832716,11225380
2010,SC,563467,6028213
2010,SE,54032,1853210
2010,SP,5331093,45536160
2010,TO,44361,1062712
2010,AC,21043,562784
2010,AL,42661,2444805
2010,AM,67173,2737886
2010,AP,5781,543563
2010,BA,366929,10862245
2010,CE,205080,6646430
2010,DF,362107,4205434
2010,ES,184327,3466885
2010,GO,373408,5929334
2010,MA,66100,3111296
2010,MG,1233627,18558513
2010,MS,143057,2611053
2010,MT,158419,3083844
2010,PA,111945,5159383
2010,PB,96022,2882934
2010,PE,235687,8060595
2010,PI,52173,1996456
2010,PR,992835,10098900
2010,RJ,1468265,16973615
2010,RN,74053,2842342
2010,RO,56804,1394200
2010,RR,5256,317377
2010,RS,832716,11289453
2010,SC,563467,6083017
2010,SE,54032,1866576
2010,SP,5331093,45950218
2010,TO,44361,1086300
2010,AC,21043,576225
2010,AL,42661,2494879
2010,AM,67173,2800792
2010,AP,5781,556770
2010,BA,366929,11092445
2010,CE,205080,6802084
2010,DF,362107,4124960
2010,ES,184327,3524415
2010,GO,373408,6182869
2010,MA,66100,3231647
2010,MG,1233627,18783539
2010,MS,143057,2642332
2010,MT,158419,3147544
2010,PA,111945,5270653
2010,PB,96022,2973871
2010,PE,235687,8247616
2010,PI,52173,2085931
2010,PR,992835,10209679
2010,RJ,1468265,17154390
2010,RN,74053,2908403
2010,RO,56804,1436057
2010,RR,5256,327285
2010,RS,832716,11387829
2010,SC,563467,6143012
2010,SE,54032,1901621
2010,SP,5331093,46576443
2010,TO,44361,1127553
2010,AC,21171,581308
2010,AL,44235,2513155
2010,AM,70423,2822965
2010,AP,5756,564159
2010,BA,390962,11229814
2010,CE,227507,6883553
2010,DF,371023,4147390
2010,ES,223200,3539650
2010,GO,393894,6230002
2010,MA,67761,3298171
2010,MG,1286152,18857371
2010,MS,148697,2656132
2010,MT,162915,3165286
2010,PA,120410,5319275
2010,PB,107488,3016878
2010,PE,256264,8316546
2010,PI,53745,2146101
2010,PR,1024906,10309452
2010,RJ,1498570,17202490
2010,RN,77781,2939146
2010,RO,59071,1462877
2010,RR,5286,330604
2010,RS,901589,11462438
2010,SC,610914,6186059
2010,SE,55014,1915196
2010,SP,5709778,46886820
2010,TO,45221,1152136
2010,AC,21171,590648
2010,AL,44235,2541943
2010,AM,70423,2865466
2010,AP,5756,578931
2010,BA,390962,11364797
2010,CE,227507,6968274
2010,DF,371023,4178248
2010,ES,223200,3564980
2010,GO,393894,6311475
2010,MA,67761,3384876
2010,MG,1286152,19024002
2010,MS,148697,2676952
2010,MT,162915,3187463
2010,PA,120410,5392114
2010,PB,107488,3069565
2010,PE,256264,8430975
2010,PI,53745,2223516
2010,PR,1024906,10446504
2010,RJ,1498570,17258996
2010,RN,77781,2975625
2010,RO,59071,1496658
2010,RR,5286,338386
2010,RS,901589,11541903
2010,SC,610914,6254757
2010,SE,55014,1933254
2010,SP,5709778,47239931
2010,TO,45221,1180932
2010,AC,21171,601732
2010,AL,44235,2592213
2010,AM,70423,2915564
2010,AP,5756,595955
2010,BA,390962,11411977
2010,CE,227507,7129595
2010,DF,371023,4214821
2010,ES,223200,3594676
2010,GO,393894,6419701
2010,MA,67761,3497146
2010,MG,1286152,19253538
2010,MS,148697,2703441
2010,MT,162915,3228572
2010,PA,120410,5496725
2010,PB,107488,3143034
2010,PE,256264,8589785
2010,PI,53745,2289058
2010,PR,1024906,10570070
2010,RJ,1498570,17406384
2010,RN,77781,3027875
2010,RO,59071,1532050
2010,RR,5286,346106
2010,RS,901589,11600616
2010,SC,610914,6325065
2010,SE,55014,1956465
2010,SP,5709778,47769424
2010,TO,45221,1216807
2010,AC,21442,612347
2010,AL,71066,2631446
2010,AM,71783,2968790
2010,AP,6397,610241
2010,BA,397431,11565673
2010,CE,260145,7243112
2010,DF,380039,4225036
2010,ES,229175,3603310
2010,GO,407678,6490372
2010,MA,71560,3580607
2010,MG,1350898,19395257
2010,MS,172172,2729190
2010,MT,168239,3262624
2010,PA,124077,5595136
2010,PB,110326,3202835
2010,PE,252254,8755598
2010,PI,55189,2341784
2010,PR,1048451,10702597
2010,RJ,1594075,17494760
2010,RN,81082,3076468
2010,RO,60256,1566035
2010,RR,5287,354501
2010,RS,946626,11713778
2010,SC,629560,6390680
2010,SE,56034,1971701
2010,SP,6033871,48144735
2010,TO,46463,1243529
2010,AC,21442,623758
2010,AL,71066,2678224
2010,AM,71783,3030392
2010,AP,6397,624286
2010,BA,397431,11838492
2010,CE,260145,7401146
2010,DF,380039,4320421
2010,ES,229175,3630281
2010,GO,407678,6615631
2010,MA,71560,3687124
2010,MG,1350898,19602812
2010,MS,172172,2772088
2010,MT,168239,3308971
2010,PA,124077,5730540
2010,PB,110326,3256508
2010,PE,252254,8945139
2010,PI,55189,2407770
2010,PR,1048451,10811561
2010,RJ,1594075,17680518
2010,RN,81082,3132015
2010,RO,60256,1602157
2010,RR,5287,365602
2010,RS,946626,11852492
2010,SC,629560,6477951
2010,SE,56034,2000497
2010,SP,6033871,48775786
2010,TO,46463,1267088
2010,AC,21442,635062
2010,AL,71066,2728913
2010,AM,71783,3106526
2010,AP,6397,636522
2010,BA,397431,12149063
2010,CE,260145,7548460
2010,DF,380039,4394981
2010,ES,229175,3658911
2010,GO,407678,6717380
2010,MA,71560,3809434
2010,MG,1350898,19848628
2010,MS,172172,2823582
2010,MT,168239,3351355
2010,PA,124077,5887794
2010,PB,110326,3321120
2010,PE,252254,9167874
2010,PI,55189,2482714
2010,PR,1048451,11009233
2010,RJ,1594075,17858826
2010,RN,81082,3194124
2010,RO,60256,1637428
2010,RR,5287,373713
2010,RS,946626,11975670
2010,SC,629560,6500804
2010,SE,56034,2027048
2010,SP,6033871,49395251
2010,TO,46463,1293570
2010,AC,21603,658802
2010,AL,75867,2798956
2010,AM,73646,3210296
2010,AP,6380,656662
2010,BA,412082,12561991
2010,CE,275200,7734210
2010,DF,385668,4501606
2010,ES,239043,3749024
2010,GO,420748,6874719
2010,MA,76868,3981782
2010,MG,1400836,20415733
2010,MS,175457,2888972
2010,MT,171584,3417661
2010,PA,118216,6149424
2010,PB,111706,3410413
2010,PE,255636,9371357
2010,PI,57171,2586292
2010,PR,1103315,11339341
2010,RJ,1636644,18300849
2010,RN,85962,3270160
2010,RO,60411,1693224
2010,RR,6277,385042
2010,RS,1036523,12304739
2010,SC,662913,6692697
2010,SE,60912,2066689
2010,SP,6338938,50590165
2010,TO,46957,1333227
2011,AC,22732,670667
2011,AL,70873,2853267
2011,AM,71241,3197519
2011,AP,3213,645778
2011,BA,401986,12823768
2011,CE,302421,7851285
2011,DF,385806,4585967
2011,ES,240379,3784744
2011,GO,423629,6996769
2011,MA,76959,3936583
2011,MG,1440396,20691794
2011,MS,175343,2926217
2011,MT,170218,3451482
2011,PA,121974,6147376
2011,PB,110004,3482772
2011,PE,248281,9543334
2011,PI,60802,2652371
2011,PR,1123304,11518044
2011,RJ,2117134,18473172
2011,RN,82855,3313188
2011,RO,60175,1722947
2011,RR,5070,384782
2011,RS,993071,12416850
2011,SC,645168,6761916
2011,SE,60514,2092078
2011,SP,6182243,50865811
2011,TO,47262,1360496
2011,AC,23164,677821
2011,AL,73063,2881206
2011,AM,74448,3313957
2011,AP,3343,673751
2011,BA,420451,13054489
2011,CE,310961,7953421
2011,DF,282949,4644171
2011,ES,249832,3810396
2011,GO,432013,7085861
2011,MA,80670,4042115
2011,MG,1352400,20795192
2011,MS,180276,2958308
2011,MT,172776,3476841
2011,PA,126926,6403166
2011,PB,113596,3535502
2011,PE,265694,9657719
2011,PI,63442,2705572
2011,PR,1138478,11699117
2011,RJ,2149014,18597799
2011,RN,115943,3318398
2011,RO,61079,1746950
2011,RR,5336,396943
2011,RS,1008594,12511589
2011,SC,653099,6825796
2011,SE,62390,2122697
2011,SP,6258691,51295744
2011,TO,48005,1381691
2011,AC,24189,688067
2011,AL,74825,2921432
2011,AM,76695,3359748
2011,AP,3387,680436
2011,BA,438492,13334805
2011,CE,313631,8058738
2011,DF,399387,4720588
2011,ES,254926,3847179
2011,GO,441999,7194153
2011,MA,81781,4273012
2011,MG,1515668,20948281
2011,MS,183889,3005856
2011,MT,181418,3511113
2011,PA,128026,6497730
2011,PB,115596,3597825
2011,PE,283632,9747265
2011,PI,66212,2747415
2011,PR,1085786,11847960
2011,RJ,2197020,18786921
2011,RN,117482,3371927
2011,RO,62516,1776469
2011,RR,5440,400444
2011,RS,1023018,12683760
2011,SC,660405,6920327
2011,SE,64567,2142623
2011,SP,6373440,52037791
2011,TO,49732,1407697
2011,AC,24287,695962
2011,AL,78228,2969482
2011,AM,79728,3415361
2011,AP,3439,689030
2011,BA,457447,13661602
2011,CE,324845,8130209
2011,DF,547889,4757684
2011,ES,264737,3877487
2011,GO,436734,7241447
2011,MA,84089,4358169
2011,MG,1393340,20987258
2011,MS,182307,3036887
2011,MT,191306,3563107
2011,PA,131068,6616797
2011,PB,119705,3638711
2011,PE,285758,9810821
2011,PI,66424,2778850
2011,PR,1099946,11966959
2011,RJ,2251193,18989394
2011,RN,122769,3412703
2011,RO,62605,1783738
2011,RR,5561,405308
2011,RS,1052859,12843655
2011,SC,673136,6971512
2011,SE,66564,2169605
2011,SP,6470989,52374670
2011,TO,49743,1413796
2011,AC,24287,703502
2011,AL,78228,3018030
2011,AM,79728,3463058
2011,AP,3439,700523
2011,BA,457447,13979286
2011,CE,324845,8214622
2011,DF,547889,4829160
2011,ES,264737,3904744
2011,GO,437139,7344193
2011,MA,84089,4448495
2011,MG,1393340,21076559
2011,MS,182307,3064666
2011,MT,191306,3600748
2011,PA,131068,6695754
2011,PB,119705,3686142
2011,PE,285758,9942640
2011,PI,66424,2818872
2011,PR,1099946,12102214
2011,RJ,2251196,19198050
2011,RN,122769,3457391
2011,RO,62605,1808547
2011,RR,5561,410211
2011,RS,1052859,12995007
2011,SC,673136,7042303
2011,SE,66564,2194809
2011,SP,6470989,52887388
2011,TO,49743,1437716
2011,AC,24842,712053
2011,AL,80529,3033598
2011,AM,81880,3522480
2011,AP,3364,714154
2011,BA,462549,14238543
2011,CE,354050,8252464
2011,DF,407711,4897096
2011,ES,267400,3940696
2011,GO,445911,7435403
2011,MA,85161,4498522
2011,MG,1523665,21299748
2011,MS,188713,3104658
2011,MT,183685,3635498
2011,PA,130907,6770425
2011,PB,126858,3729825
2011,PE,290379,10043135
2011,PI,69203,2869847
2011,PR,1104199,12188365
2011,RJ,2267579,19442437
2011,RN,125384,3507995
2011,RO,65023,1830005
2011,RR,5425,417852
2011,RS,1054541,13124030
2011,SC,678344,7063512
2011,SE,66848,2217593
2011,SP,6475143,53401168
2011,TO,51598,1454860
2011,AC,25171,724819
2011,AL,88796,3100904
2011,AM,88746,3598766
2011,AP,3349,736528
2011,BA,478877,14447312
2011,CE,341505,8291640
2011,DF,414245,4972811
2011,ES,273685,3979977
2011,GO,451630,7536631
2011,MA,88078,4632740
2011,MG,1549465,21591633
2011,MS,189943,3144040
2011,MT,183394,3672051
2011,PA,130936,6969104
2011,PB,133460,3813295
2011,PE,297982,10202808
2011,PI,70657,2941080
2011,PR,1191719,12265566
2011,RJ,2310349,19623381
2011,RN,129174,3617323
2011,RO,65676,1856816
2011,RR,5485,428812
2011,RS,1065590,13245459
2011,SC,685825,7125709
2011,SE,69448,2256601
2011,SP,6562290,54104286
2011,TO,52403,1472620
2011,AC,25625,735276
2011,AL,94594,3140414
2011,AM,98863,3687091
2011,AP,4844,752784
2011,BA,531550,14689827
2011,CE,339201,8393155
2011,DF,419406,5049162
2011,ES,287560,4048359
2011,GO,456581,7649565
2011,MA,93681,4795750
2011,MG,1617196,21929280
2011,MS,190154,3184356
2011,MT,184580,3703869
2011,PA,135362,7214058
2011,PB,142066,3861680
2011,PE,316960,10301293
2011,PI,74476,3001551
2011,PR,1200694,12451102
2011,RJ,2189932,20067647
2011,RN,137110,3675096
2011,RO,67035,1881400
2011,RR,7683,440828
2011,RS,1079425,13362970
2011,SC,705954,7233096
2011,SE,76213,2295810
2011,SP,6657861,54981822
2011,TO,53493,1494896
2011,AC,25874,744827
2011,AL,95420,3190551
2011,AM,102994,3739773
2011,AP,4827,769948
2011,BA,544217,14895791
2011,CE,326982,8565357
2011,DF,424702,5125855
2011,ES,292778,4114747
2011,GO,459553,7765601
2011,MA,96417,4931428
2011,MG,1623721,22261962
2011,MS,192890,3236493
2011,MT,185340,3742251
2011,PA,138548,7365119
2011,PB,144004,3929376
2011,PE,328386,10442059
2011,PI,76497,3076830
2011,PR,1209710,12542522
2011,RJ,2225874,20422220
2011,RN,138658,3737581
2011,RO,67431,1871561
2011,RR,9162,452529
2011,RS,1081920,13493106
2011,SC,710193,7295773
2011,SE,78915,2323568
2011,SP,6819603,55789410
2011,TO,54246,1525831
2011,AC,25991,763026
2011,AL,96731,3254979
2011,AM,106501,3821588
2011,AP,4820,788889
2011,BA,553739,15136084
2011,CE,334295,8770602
2011,DF,426524,5231034
2011,ES,296850,4169459
2011,GO,459996,7904860
2011,MA,96117,5031921
2011,MG,1643903,22677242
2011,MS,199618,3301686
2011,MT,184752,3820335
2011,PA,140277,7556773
2011,PB,144837,3997193
2011,PE,337361,10589628
2011,PI,76740,3119865
2011,PR,1209932,12713064
2011,RJ,2260716,20760690
2011,RN,144005,3816768
2011,RO,67770,1932084
2011,RR,12056,460581
2011,RS,1093787,13698628
2011,SC,714134,7397157
2011,SE,81753,2355898
2011,SP,7053809,57007924
2011,TO,53649,1555562
2011,AC,26414,783675
2011,AL,98259,3340048
2011,AM,109903,3895926
2011,AP,4615,813089
2011,BA,566023,15387816
2011,CE,340168,9023719
2011,DF,431303,5335331
2011,ES,301574,4242508
2011,GO,467050,8061617
2011,MA,98575,5172695
2011,MG,1671657,23130682
2011,MS,202871,3353623
2011,MT,187677,3902293
2011,PA,140551,7720848
2011,PB,147240,4098728
2011,PE,342794,10726001
2011,PI,77657,3192384
2011,PR,1216325,12883239
2011,RJ,2293197,21142568
2011,RN,148516,3894467
2011,RO,68740,1990304
2011,RR,13340,470167
2011,RS,1109938,13880560
2011,SC,721149,7503685
2011,SE,79642,2417280
2011,SP,7004318,58131154
2011,TO,54812,1589208
2011,AC,26784,813950
2011,AL,99004,3451308
2011,AM,113861,3920371
2011,AP,4885,844097
2011,BA,577621,15857031
2011,CE,346417,9340320
2011,DF,432752,5505330
2011,ES,307484,4305908
2011,GO,472664,8288442
2011,MA,117419,5313540
2011,MG,1703241,23803574
2011,MS,205237,3449512
2011,MT,188320,4004241
2011,PA,141639,7915251
2011,PB,147395,4229733
2011,PE,351451,10917240
2011,PI,79120,3328674
2011,PR,1224826,13188743
2011,RJ,2305244,21713099
2011,RN,146741,4029718
2011,RO,69707,2054026
2011,RR,13791,480078
2011,RS,1134154,14116397
2011,SC,730845,7698617
2011,SE,81039,2473194
2011,SP,7067659,59551428
2011,TO,55598,1637681
2012,AC,26626,830242
2012,AL,87162,3516006
2012,AM,107227,3949368
2012,AP,4549,858496
2012,BA,516689,16044620
2012,CE,329465,9451742
2012,DF,432697,5580319
2012,ES,287025,4368489
2012,GO,482512,8408052
2012,MA,91170,5350087
2012,MG,1626195,24143426
2012,MS,207984,3499278
2012,MT,189716,4050526
2012,PA,135048,8049590
2012,PB,132487,4303022
2012,PE,330435,11045952
2012,PI,69585,3392132
2012,PR,1235897,13348432
2012,RJ,2128088,21960243
2012,RN,138336,4098350
2012,RO,69930,2097943
2012,RR,14056,486900
2012,RS,1187875,14237563
2012,SC,740057,7778115
2012,SE,74684,2510320
2012,SP,7150496,60158944
2012,TO,56312,1660883
2012,AC,27721,846197
2012,AL,88184,3556312
2012,AM,111227,3968813
2012,AP,4597,871713
2012,BA,523967,16208840
2012,CE,331826,9582943
2012,DF,441086,5646769
2012,ES,287375,4406144
2012,GO,484852,8502692
2012,MA,92652,5498539
2012,MG,1651568,24347476
2012,MS,209632,3532049
2012,MT,191670,4109296
2012,PA,136798,8163169
2012,PB,134379,4358314
2012,PE,337828,11102462
2012,PI,70783,3440546
2012,PR,1245531,13474131
2012,RJ,2162782,22127513
2012,RN,139265,4149280
2012,RO,70607,2136798
2012,RR,15137,489431
2012,RS,1146761,14354819
2012,SC,732628,7852458
2012,SE,76344,2545034
2012,SP,7198530,60662775
2012,TO,57330,1683535
2012,AC,28353,864327
2012,AL,89807,3606171
2012,AM,115058,3995406
2012,AP,4754,888079
2012,BA,536012,16389639
2012,CE,339783,9720910
2012,DF,447270,5724824
2012,ES,301646,4461827
2012,GO,493146,8632397
2012,MA,97730,5591566
2012,MG,1677350,24567438
2012,MS,212925,3580094
2012,MT,192874,4173472
2012,PA,139713,8297224
2012,PB,138000,4414363
2012,PE,347160,11221399
2012,PI,73198,3500540
2012,PR,1268511,13637925
2012,RJ,2194528,22416098
2012,RN,141878,4213355
2012,RO,71438,2162232
2012,RR,15365,491780
2012,RS,1158261,14596907
2012,SC,733979,7947860
2012,SE,78656,2580330
2012,SP,7302675,61435775
2012,TO,58606,1714433
2012,AC,28762,880034
2012,AL,91799,3611559
2012,AM,118874,4001849
2012,AP,4860,897946
2012,BA,557629,16543548
2012,CE,349504,9827722
2012,DF,449621,5779915
2012,ES,309362,4486881
2012,GO,507051,8709134
2012,MA,104684,5661620
2012,MG,1709322,24737142
2012,MS,217926,3615244
2012,MT,207371,4224557
2012,PA,164912,8385041
2012,PB,143484,4459663
2012,PE,353904,11333181
2012,PI,78645,3534422
2012,PR,1285166,13786251
2012,RJ,2248122,22501739
2012,RN,148328,4246687
2012,RO,72829,2189009
2012,RR,16102,495261
2012,RS,1195970,14782117
2012,SC,751718,8057364
2012,SE,80442,2603854
2012,SP,7479878,61895981
2012,TO,59559,1734423
2012,AC,29365,904849
2012,AL,93792,3607159
2012,AM,122320,3976343
2012,AP,5067,903873
2012,BA,565893,16711109
2012,CE,352701,9898807
2012,DF,454458,5814733
2012,ES,314715,4512520
2012,GO,512247,8788399
2012,MA,109430,5682966
2012,MG,1731554,24886049
2012,MS,219536,3648176
2012,MT,209608,4285259
2012,PA,168332,8400249
2012,PB,146477,4478468
2012,PE,364293,11425811
2012,PI,79939,3568156
2012,PR,1302261,13880639
2012,RJ,2278112,22721974
2012,RN,154184,4274156
2012,RO,73798,2218044
2012,RR,17025,497364
2012,RS,1210650,14883147
2012,SC,759184,8116078
2012,SE,83052,2631211
2012,SP,7584211,62478555
2012,TO,60936,1754840
2012,AC,29799,912041
2012,AL,95780,3585259
2012,AM,126087,3995972
2012,AP,5196,910746
2012,BA,578771,16831908
2012,CE,359011,9980529
2012,DF,459109,5832635
2012,ES,317814,4538319
2012,GO,518011,8851818
2012,MA,110430,5733335
2012,MG,1747967,24865808
2012,MS,220270,3625852
2012,MT,211429,4324388
2012,PA,172961,8473554
2012,PB,148650,4564087
2012,PE,369015,11529224
2012,PI,82483,3588338
2012,PR,1317807,13878006
2012,RJ,2322739,22718715
2012,RN,156029,4296349
2012,RO,74483,2234709
2012,RR,17699,499229
2012,RS,1224781,14883611
2012,SC,769413,8123412
2012,SE,83822,2631708
2012,SP,7627881,62947829
2012,TO,61706,1773686
2012,AC,30203,926192
2012,AL,98857,3581697
2012,AM,130211,4019056
2012,AP,5351,925255
2012,BA,590510,16871421
2012,CE,377430,10032972
2012,DF,464623,5962566
2012,ES,323832,4511148
2012,GO,525768,8749405
2012,MA,115785,5789574
2012,MG,1742185,24691250
2012,MS,225363,3622533
2012,MT,215023,4355427
2012,PA,179068,8491024
2012,PB,152993,4596750
2012,PE,379699,11532411
2012,PI,85985,3625635
2012,PR,1309666,13877152
2012,RJ,2365405,22728579
2012,RN,157191,4311528
2012,RO,75352,2246373
2012,RR,17918,500830
2012,RS,1244748,14904635
2012,SC,776435,8143596
2012,SE,86075,2644068
2012,SP,7428570,62976759
2012,TO,61554,1792954
2012,AC,29773,934342
2012,AL,99992,3581842
2012,AM,132660,4045034
2012,AP,7740,928542
2012,BA,600290,16945692
2012,CE,380186,10135484
2012,DF,465463,5960118
2012,ES,327649,4533931
2012,GO,526029,8731225
2012,MA,119609,5826749
2012,MG,1769797,24862304
2012,MS,228011,3624635
2012,MT,218061,4385718
2012,PA,183167,8580994
2012,PB,155256,4705056
2012,PE,381181,11609246
2012,PI,87931,3672483
2012,PR,1326280,13957979
2012,RJ,2394619,22789021
2012,RN,163719,4321162
2012,RO,75789,2249906
2012,RR,18189,501952
2012,RS,1247964,15000830
2012,SC,791740,8154744
2012,SE,86380,2655990
2012,SP,7469053,63415798
2012,TO,63944,1790596
2012,AC,30603,946950
2012,AL,102265,3573890
2012,AM,132417,4119463
2012,AP,10236,935127
2012,BA,616592,16984365
2012,CE,387363,10069312
2012,DF,482953,5929747
2012,ES,335702,4561310
2012,GO,550634,8746926
2012,MA,120192,5879154
2012,MG,1802179,25000278
2012,MS,231796,3632969
2012,MT,226594,4423624
2012,PA,186788,8647418
2012,PB,157609,4749699
2012,PE,382018,11621343
2012,PI,87750,3701306
2012,PR,1404386,14004074
2012,RJ,2429213,22871901
2012,RN,163096,4318677
2012,RO,76315,2283665
2012,RR,18221,505007
2012,RS,1282864,15091357
2012,SC,815163,8216133
2012,SE,88954,2664941
2012,SP,7555498,63583563
2012,TO,65120,1799038
2012,AC,30774,956669
2012,AL,104227,3584907
2012,AM,134069,4131682
2012,AP,9853,940949
2012,BA,621340,17011361
2012,CE,391748,10146790
2012,DF,486552,5927644
2012,ES,341728,4573573
2012,GO,557573,8803058
2012,MA,124684,5930753
2012,MG,1817045,25057507
2012,MS,232501,3631865
2012,MT,230011,4427004
2012,PA,190099,8727394
2012,PB,160512,4633479
2012,PE,384666,11708205
2012,PI,89124,3719416
2012,PR,1415133,14087413
2012,RJ,2456970,22909893
2012,RN,165943,4329261
2012,RO,76671,2310502
2012,RR,18707,510717
2012,RS,1290330,15233264
2012,SC,822851,8272431
2012,SE,90353,2660192
2012,SP,7578773,63275264
2012,TO,66119,1804658
2012,AC,30580,956427
2012,AL,107438,3644269
2012,AM,136121,4128376
2012,AP,11085,944217
2012,BA,635239,17034816
2012,CE,399129,10166658
2012,DF,486292,5910900
2012,ES,343726,4568432
2012,GO,557376,8833239
2012,MA,128981,5988554
2012,MG,1863419,25195437
2012,MS,232652,3665684
2012,MT,235688,4437240
2012,PA,195614,8771520
2012,PB,164042,4689677
2012,PE,398441,11777412
2012,PI,92405,3713081
2012,PR,1390378,14110963
2012,RJ,2240027,22916178
2012,RN,172734,4381108
2012,RO,78205,2324967
2012,RR,20209,517038
2012,RS,1274731,15285187
2012,SC,802747,8313201
2012,SE,93016,2672381
2012,SP,7682126,63312982
2012,TO,66937,1805425
2012,AC,31125,958104
2012,AL,107925,3737007
2012,AM,136287,4150495
2012,AP,11739,953140
2012,BA,634808,17131713
2012,CE,404361,10284331
2012,DF,485869,5958447
2012,ES,346933,4581729
2012,GO,560167,8932499
2012,MA,130086,6025379
2012,MG,1872493,25534730
2012,MS,231697,3705033
2012,MT,237561,4496830
2012,PA,194574,8846574
2012,PB,168502,4674159
2012,PE,398440,11831680
2012,PI,94104,3744793
2012,PR,1415709,14269819
2012,RJ,2243134,23106547
2012,RN,172654,4366288
2012,RO,78661,2350651
2012,RR,20641,525281
2012,RS,1227916,15527256
2012,SC,794214,8451136
2012,SE,93518,2685732
2012,SP,7674741,63152523
2012,TO,68097,1826027
2013,AC,31816,952668
2013,AL,110398,3805549
2013,AM,139681,4130820
2013,AP,11777,949209
2013,BA,646277,17168652
2013,CE,405025,10291248
2013,DF,489103,5945853
2013,ES,353071,4575051
2013,GO,569554,8948623
2013,MA,133835,6039804
2013,MG,1891053,25541666
2013,MS,234722,3703889
2013,MT,239187,4503285
2013,PA,202465,8807371
2013,PB,167807,4666846
2013,PE,403399,11837126
2013,PI,95335,3754431
2013,PR,1426410,14241062
2013,RJ,2274770,23173393
2013,RN,176683,4378972
2013,RO,78998,2358171
2013,RR,21536,524589
2013,RS,1261221,15603081
2013,SC,815233,8472251
2013,SE,95186,2683080
2013,SP,7755489,63370508
2013,TO,69455,1830382
2013,AC,32521,944599
2013,AL,112394,3880142
2013,AM,141120,4159415
2013,AP,12098,953246
2013,BA,659627,17232005
2013,CE,413301,10333526
2013,DF,497067,5920059
2013,ES,355755,4579503
2013,GO,579711,8947040
2013,MA,136369,6078075
2013,MG,1911429,25566794
2013,MS,237220,3700881
2013,MT,244494,4514332
2013,PA,205995,8848502
2013,PB,172640,4697144
2013,PE,410898,11897120
2013,PI,97729,3769851
2013,PR,1443044,14277186
2013,RJ,2300148,23223912
2013,RN,179967,4391988
2013,RO,79865,2355273
2013,RR,22368,525872
2013,RS,1272667,15640435
2013,SC,824790,8508275
2013,SE,96953,2686038
2013,SP,7810842,63581163
2013,TO,70754,1830952
2013,AC,33125,941356
2013,AL,114808,3927830
2013,AM,144266,4178771
2013,AP,12732,957687
2013,BA,668385,17330254
2013,CE,419534,10347521
2013,DF,502895,5927914
2013,ES,360327,4579413
2013,GO,591245,9006941
2013,MA,138364,6113386
2013,MG,1963750,25622261
2013,MS,241723,3724037
2013,MT,249205,4522655
2013,PA,210885,8878593
2013,PB,174867,4713374
2013,PE,416772,11932991
2013,PI,99658,3764362
2013,PR,1462034,14313460
2013,RJ,2328876,23344661
2013,RN,184273,4397020
2013,RO,82265,2357462
2013,RR,23395,522966
2013,RS,1284441,15706241
2013,SC,835707,8542799
2013,SE,99153,2699535
2013,SP,7887741,63863870
2013,TO,72149,1835213
2013,AC,33350,934402
2013,AL,117952,3844920
2013,AM,145989,4176717
2013,AP,13021,958692
2013,BA,684258,17393266
2013,CE,427360,10397838
2013,DF,506448,5918886
2013,ES,366413,4587888
2013,GO,595309,9018580
2013,MA,144441,6165545
2013,MG,1974866,25700298
2013,MS,245126,3726348
2013,MT,251180,4503169
2013,PA,214972,8896754
2013,PB,179826,4719411
2013,PE,429071,11976459
2013,PI,102742,3799716
2013,PR,1476837,14310174
2013,RJ,2350031,23471764
2013,RN,184477,4409298
2013,RO,81977,2347789
2013,RR,24311,520614
2013,RS,1292716,15729346
2013,SC,843163,8552535
2013,SE,102188,2703330
2013,SP,7973118,63952209
2013,TO,72692,1835655
2013,AC,33709,933107
2013,AL,119811,3884646
2013,AM,145747,4181040
2013,AP,13148,954101
2013,BA,685230,17460338
2013,CE,430858,10478532
2013,DF,512332,5954357
2013,ES,371245,4569088
2013,GO,604191,9084703
2013,MA,144509,6211768
2013,MG,1990275,25779610
2013,MS,252188,3745370
2013,MT,255787,4505117
2013,PA,215754,8898281
2013,PB,181089,4739899
2013,PE,434862,12038842
2013,PI,103465,3852174
2013,PR,1488032,14338515
2013,RJ,2373735,23550050
2013,RN,189073,4428041
2013,RO,84601,2362252
2013,RR,24787,519414
2013,RS,1305745,15755552
2013,SC,856130,8582867
2013,SE,103021,2710680
2013,SP,8051741,64164735
2013,TO,73370,1842816
2013,AC,33855,926673
2013,AL,121455,3893760
2013,AM,148492,4156756
2013,AP,13060,948621
2013,BA,686941,17451785
2013,CE,429771,10560387
2013,DF,515788,5942552
2013,ES,375852,4552089
2013,GO,607888,9066640
2013,MA,145417,6225229
2013,MG,2016245,25762865
2013,MS,252358,3728921
2013,MT,259936,4487185
2013,PA,219678,8888933
2013,PB,184103,4741392
2013,PE,434553,12054289
2013,PI,103909,3867476
2013,PR,1495192,14321573
2013,RJ,2394122,23666554
2013,RN,185286,4434075
2013,RO,85574,2355583
2013,RR,25383,517876
2013,RS,1320767,15747290
2013,SC,862676,8585683
2013,SE,104530,2700848
2013,SP,8128864,64314850
2013,TO,73654,1841332
2013,AC,33948,931101
2013,AL,124506,3919590
2013,AM,151179,4175975
2013,AP,13114,951939
2013,BA,695354,17591058
2013,CE,442103,10578626
2013,DF,521201,5981714
2013,ES,379841,4556732
2013,GO,614261,9129353
2013,MA,148982,6276896
2013,MG,2034196,25854307
2013,MS,255865,3744294
2013,MT,262361,4502626
2013,PA,220432,8954931
2013,PB,186147,4768662
2013,PE,439476,12144102
2013,PI,105808,3801562
2013,PR,1509709,14374185
2013,RJ,2417514,23834155
2013,RN,193295,4453685
2013,RO,87138,2377946
2013,RR,26312,518697
2013,RS,1333912,15802368
2013,SC,868253,8597074
2013,SE,106587,2693485
2013,SP,8190579,64626685
2013,TO,74363,1857436
2013,AC,34348,934263
2013,AL,126548,3942436
2013,AM,152345,4159538
2013,AP,13231,951379
2013,BA,702207,17729634
2013,CE,447613,10665478
2013,DF,528548,6024843
2013,ES,384949,4554619
2013,GO,625502,9191932
2013,MA,148889,6394383
2013,MG,2024135,25955405
2013,MS,257527,3768163
2013,MT,261864,4518548
2013,PA,222715,8981404
2013,PB,187227,4794299
2013,PE,443064,12233313
2013,PI,107084,3834027
2013,PR,1530210,14439713
2013,RJ,2459815,23948719
2013,RN,195681,4484900
2013,RO,87447,2397990
2013,RR,26793,511326
2013,RS,1350055,15914937
2013,SC,878212,8620388
2013,SE,108814,2698103
2013,SP,8263717,64918448
2013,TO,75362,1872235
2013,AC,34981,917352
2013,AL,129563,3948145
2013,AM,155286,4120182
2013,AP,13294,937631
2013,BA,702824,17702117
2013,CE,454849,10665129
2013,DF,533510,6007764
2013,ES,389443,4534637
2013,GO,630250,9177899
2013,MA,150905,6478590
2013,MG,2036176,25909479
2013,MS,259322,3760416
2013,MT,262842,4501341
2013,PA,223911,8937304
2013,PB,191428,4780966
2013,PE,446685,12267826
2013,PI,108790,3838224
2013,PR,1526891,14427008
2013,RJ,2478327,23894086
2013,RN,201004,4496471
2013,RO,88530,2380778
2013,RR,27140,504739
2013,RS,1360997,15942127
2013,SC,881734,8613831
2013,SE,109854,2694435
2013,SP,8309422,64949184
2013,TO,75106,1879161
2013,AC,35804,919414
2013,AL,133100,3970703
2013,AM,156508,4136354
2013,AP,13607,937626
2013,BA,707399,17832943
2013,CE,459524,10735844
2013,DF,537522,6040801
2013,ES,393860,4550810
2013,GO,629485,9248059
2013,MA,152754,6606764
2013,MG,2083148,26045515
2013,MS,260519,3788663
2013,MT,263183,4531871
2013,PA,226107,9012453
2013,PB,194215,4843611
2013,PE,448325,12324554
2013,PI,109538,3861884
2013,PR,1554176,14506000
2013,RJ,2503915,24031317
2013,RN,202874,4518082
2013,RO,89467,2393814
2013,RR,27693,504430
2013,RS,1375289,16060573
2013,SC,893384,8656632
2013,SE,110747,2713795
2013,SP,8420088,65254633
2013,TO,75128,1896830
2013,AC,36534,918085
2013,AL,133936,3969566
2013,AM,157933,4129709
2013,AP,14457,934781
2013,BA,712562,17898326
2013,CE,466550,10860281
2013,DF,541398,6059258
2013,ES,392336,4542497
2013,GO,635814,9268625
2013,MA,154844,6518783
2013,MG,2074967,26111678
2013,MS,263670,3798075
2013,MT,264172,4556147
2013,PA,226568,9032693
2013,PB,195657,4869162
2013,PE,453170,12409263
2013,PI,110997,3883499
2013,PR,1564553,14541137
2013,RJ,2510622,24081578
2013,RN,207183,4541866
2013,RO,89369,2393403
2013,RR,27991,504611
2013,RS,1378120,16136902
2013,SC,896499,8692158
2013,SE,113125,2719605
2013,SP,8498160,65240194
2013,TO,74938,1906993
2013,AC,37103,916781
2013,AL,134620,3988830
2013,AM,157906,4116084
2013,AP,14947,934022
2013,BA,713306,17960136
2013,CE,464962,10964485
2013,DF,542596,6107863
2013,ES,395654,4503161
2013,GO,635695,9319927
2013,MA,157276,6415868
2013,MG,2069276,26178327
2013,MS,262408,3815259
2013,MT,264348,4572718
2013,PA,226585,9097552
2013,PB,194134,4918645
2013,PE,454271,12441544
2013,PI,110467,3918761
2013,PR,1566932,14610598
2013,RJ,2524872,24132404
2013,RN,206053,4553578
2013,RO,89293,2403852
2013,RR,28264,507307
2013,RS,1388357,16214100
2013,SC,900036,8771606
2013,SE,111417,2722230
2013,SP,8527635,65085183
2013,TO,75491,1928978
2014,AC,38064,917338
2014,AL,134322,4006279
2014,AM,159126,4112695
2014,AP,15302,935275
2014,BA,714688,18094943
2014,CE,468063,11075527
2014,DF,545996,6137166
2014,ES,398112,4504332
2014,GO,638063,9366037
2014,MA,157474,6394975
2014,MG,2097869,26257918
2014,MS,262638,3831494
2014,MT,263250,4605767
2014,PA,226447,9147414
2014,PB,197606,4953925
2014,PE,458894,12531763
2014,PI,112524,3957659
2014,PR,1571965,14690685
2014,RJ,2539424,24160831
2014,RN,204038,4558248
2014,RO,88768,2412895
2014,RR,28333,505032
2014,RS,1385790,16277369
2014,SC,900836,8816124
2014,SE,112422,2737044
2014,SP,8576454,65418964
2014,TO,75767,1945542
2014,AC,38813,912644
2014,AL,135226,4016883
2014,AM,161217,4100410
2014,AP,15617,932941
2014,BA,721139,18145775
2014,CE,474774,11072726
2014,DF,554198,6157261
2014,ES,400883,4496566
2014,GO,654388,9369763
2014,MA,155861,6421758
2014,MG,2115757,26272695
2014,MS,266394,3831382
2014,MT,267286,4607496
2014,PA,228395,9160236
2014,PB,200155,4941420
2014,PE,465072,12544278
2014,PI,113960,3977827
2014,PR,1588909,14727165
2014,RJ,2557201,24181664
2014,RN,208248,4561625
2014,RO,90415,2404320
2014,RR,27890,506262
2014,RS,1415821,16307592
2014,SC,909293,8857785
2014,SE,113722,2731830
2014,SP,8630457,65538220
2014,TO,76113,1944739
2014,AC,39424,908935
2014,AL,136490,4020193
2014,AM,163922,4108284
2014,AP,16055,935996
2014,BA,728044,18217930
2014,CE,479579,11080576
2014,DF,558492,6176701
2014,ES,405115,4498667
2014,GO,662602,9378796
2014,MA,158982,6426204
2014,MG,2150385,26324997
2014,MS,270599,3837149
2014,MT,270170,4613638
2014,PA,230304,9201546
2014,PB,204325,4957470
2014,PE,472470,12588389
2014,PI,115680,3976583
2014,PR,1601112,14786468
2014,RJ,2576430,24214680
2014,RN,210664,4561332
2014,RO,91689,2403426
2014,RR,28367,505163
2014,RS,1432696,16337310
2014,SC,916956,8919517
2014,SE,116944,2729771
2014,SP,8680422,65924091
2014,TO,77577,1949664
2014,AC,40112,904894
2014,AL,137835,4029598
2014,AM,164733,4091583
2014,AP,16553,931649
2014,BA,734665,18237700
2014,CE,486549,11122032
2014,DF,549291,6173626
2014,ES,407243,4494228
2014,GO,669374,9371048
2014,MA,160578,6436721
2014,MG,2142795,26313713
2014,MS,274578,3819093
2014,MT,274022,4625896
2014,PA,231083,9186088
2014,PB,205158,4960555
2014,PE,478704,12595299
2014,PI,117584,3987883
2014,PR,1616899,14801591
2014,RJ,2594651,24182845
2014,RN,219671,4552374
2014,RO,92887,2397001
2014,RR,28541,505191
2014,RS,1426282,16337025
2014,SC,926461,8916660
2014,SE,116120,2709986
2014,SP,8742692,65966385
2014,TO,78535,1948303
2014,AC,40945,910027
2014,AL,138707,4054452
2014,AM,167749,4120370
2014,AP,17784,932551
2014,BA,739195,18333956
2014,CE,490366,11222688
2014,DF,568436,6200462
2014,ES,416201,4501841
2014,GO,669219,9421366
2014,MA,161425,6472122
2014,MG,2158186,26427432
2014,MS,278038,3823213
2014,MT,276148,4679271
2014,PA,235981,9241863
2014,PB,207885,4999242
2014,PE,480640,12696612
2014,PI,119787,4004203
2014,PR,1628325,14891657
2014,RJ,2600872,24364601
2014,RN,216005,4568600
2014,RO,95161,2408778
2014,RR,29064,508099
2014,RS,1442826,16452493
2014,SC,935127,8970645
2014,SE,121188,2710750
2014,SP,8800967,66577013
2014,TO,80165,1957525
2014,AC,42033,907559
2014,AL,138979,4053425
2014,AM,170074,4111848
2014,AP,18489,926982
2014,BA,739921,18343075
2014,CE,487952,11258991
2014,DF,573053,6217434
2014,ES,418132,4489577
2014,GO,677686,9420591
2014,MA,164012,6472374
2014,MG,2150028,26438992
2014,MS,281238,3804241
2014,MT,275416,4687272
2014,PA,238970,9213849
2014,PB,209297,5007630
2014,PE,484888,12739853
2014,PI,119439,4008874
2014,PR,1641330,14903924
2014,RJ,2617203,24425890
2014,RN,218369,4577858
2014,RO,96091,2404443
2014,RR,29666,507949
2014,RS,1448469,16498859
2014,SC,934678,8960959
2014,SE,117369,2693337
2014,SP,8850858,66668885
2014,TO,81094,1962242
2014,AC,42462,897970
2014,AL,139100,4062434
2014,AM,173692,4109030
2014,AP,18689,926820
2014,BA,741944,18366110
2014,CE,498875,11317501
2014,DF,576812,6219225
2014,ES,423965,4480012
2014,GO,683355,9419198
2014,MA,165409,6517469
2014,MG,2195494,26507669
2014,MS,284125,3777492
2014,MT,278234,4686108
2014,PA,242088,9233471
2014,PB,211129,5028395
2014,PE,486136,12796620
2014,PI,121685,4014310
2014,PR,1648961,14949941
2014,RJ,2627249,24473111
2014,RN,219836,4599021
2014,RO,97131,2399100
2014,RR,29875,507931
2014,RS,1448116,16493536
2014,SC,941472,8937796
2014,SE,119326,2682710
2014,SP,8912886,66788533
2014,TO,81513,1961598
2014,AC,43142,896553
2014,AL,140551,4088510
2014,AM,178426,4115369
2014,AP,19221,933125
2014,BA,748574,18459232
2014,CE,507128,11404036
2014,DF,582249,6241200
2014,ES,426038,4477368
2014,GO,685144,9450787
2014,MA,168641,6560606
2014,MG,2180347,26577155
2014,MS,281279,3776985
2014,MT,280300,4691238
2014,PA,245863,9282914
2014,PB,213796,5068870
2014,PE,489774,12876665
2014,PI,123588,4040491
2014,PR,1663746,15026080
2014,RJ,2633861,24577454
2014,RN,223405,4619942
2014,RO,96603,2404321
2014,RR,30421,508407
2014,RS,1437205,16526055
2014,SC,952398,8986282
2014,SE,120383,2683650
2014,SP,8902334,67165883
2014,TO,82717,1969381
2014,AC,43762,895939
2014,AL,142157,4111614
2014,AM,182348,4119329
2014,AP,19675,934441
2014,BA,755336,18518399
2014,CE,522195,11471870
2014,DF,588275,6257090
2014,ES,430921,4462121
2014,GO,692970,9500980
2014,MA,170644,6609417
2014,MG,2215254,26617368
2014,MS,290206,3776190
2014,MT,286893,4697205
2014,PA,249620,9310643
2014,PB,220802,5098583
2014,PE,494251,12920079
2014,PI,125293,4064932
2014,PR,1678195,15101451
2014,RJ,2660784,24675456
2014,RN,226387,4631505
2014,RO,99774,2410055
2014,RR,30966,513571
2014,RS,1467275,16522720
2014,SC,971990,9014533
2014,SE,122009,2687487
2014,SP,8936015,67576724
2014,TO,83868,1982423
2014,AC,44888,896865
2014,AL,142892,4125193
2014,AM,186881,4139858
2014,AP,19982,937176
2014,BA,762446,18568616
2014,CE,536635,11538334
2014,DF,594198,6262807
2014,ES,432858,4444766
2014,GO,704159,9563849
2014,MA,173422,6661021
2014,MG,2230991,26659307
2014,MS,296876,3788540
2014,MT,290477,4699940
2014,PA,250625,9349425
2014,PB,224148,5101155
2014,PE,497883,12944574
2014,PI,126201,4085054
2014,PR,1695217,15172496
2014,RJ,2675941,24715551
2014,RN,228843,4627904
2014,RO,101131,2420766
2014,RR,31551,517677
2014,RS,1473766,16525345
2014,SC,964671,9035981
2014,SE,126174,2690853
2014,SP,8934847,67893555
2014,TO,84167,1987549
2014,AC,44888,903395
2014,AL,142892,4163617
2014,AM,186881,4158171
2014,AP,19982,939668
2014,BA,762446,18648219
2014,CE,536635,11599097
2014,DF,594198,6313371
2014,ES,432858,4437975
2014,GO,704159,9592960
2014,MA,173422,6670725
2014,MG,2230991,26754023
2014,MS,296876,3807454
2014,MT,290477,4717686
2014,PA,250625,9358701
2014,PB,224148,5151406
2014,PE,497883,13025044
2014,PI,126201,4114737
2014,PR,1695217,15231644
2014,RJ,2675941,24780716
2014,RN,228843,4670958
2014,RO,101131,2438768
2014,RR,31551,519751
2014,RS,1473766,16533767
2014,SC,964671,9015986
2014,SE,126174,2698044
2014,SP,8934847,68223986
2014,TO,84167,2003587
2014,AC,46600,906477
2014,AL,146294,4174266
2014,AM,192641,4155800
2014,AP,20605,933703
2014,BA,770125,18719145
2014,CE,557294,11657610
2014,DF,598054,6259975
2014,ES,441250,4393388
2014,GO,715594,9579194
2014,MA,178648,6668921
2014,MG,2258116,26810130
2014,MS,299631,3816951
2014,MT,296510,4716690
2014,PA,255878,9338657
2014,PB,224517,5162240
2014,PE,498132,13042116
2014,PI,128792,4179463
2014,PR,1701656,15353993
2014,RJ,2687816,24770167
2014,RN,232042,4685805
2014,RO,104513,2441892
2014,RR,32402,513126
2014,RS,1484015,16561405
2014,SC,987571,9089652
2014,SE,128793,2678395
2014,SP,8894056,68102497
2014,TO,86807,2020278
2015,AC,46893,912442
2015,AL,146955,4188841
2015,AM,195096,4167710
2015,AP,20470,928702
2015,BA,769960,18849876
2015,CE,577153,11901601
2015,DF,600039,6277998
2015,ES,451928,4417825
2015,GO,722866,9615426
2015,MA,180034,6643366
2015,MG,2277561,26853501
2015,MS,303430,3834020
2015,MT,298594,4717736
2015,PA,257106,9311323
2015,PB,231283,5176951
2015,PE,501388,13090572
2015,PI,130067,4219925
2015,PR,1710461,15368266
2015,RJ,2699607,24765405
2015,RN,236170,4691054
2015,RO,105695,2462203
2015,RR,32545,509398
2015,RS,1492748,16567555
2015,SC,993559,9131006
2015,SE,130478,2686502
2015,SP,8913141,68381340
2015,TO,87778,2030227
2015,AC,47763,923119
2015,AL,147700,4202556
2015,AM,201179,4204295
2015,AP,20533,930403
2015,BA,776873,18885772
2015,CE,588541,11932570
2015,DF,606681,6299380
2015,ES,448685,4434188
2015,GO,730559,9607883
2015,MA,181430,6677408
2015,MG,2280104,26879656
2015,MS,307658,3855078
2015,MT,299764,4728692
2015,PA,257596,9339441
2015,PB,233846,5194852
2015,PE,501506,13136362
2015,PI,131089,4241848
2015,PR,1724774,15356822
2015,RJ,2697911,24876068
2015,RN,235175,4703794
2015,RO,108228,2477174
2015,RR,32646,509127
2015,RS,1535309,16598681
2015,SC,1010277,9176174
2015,SE,132000,2688749
2015,SP,8960890,68654755
2015,TO,86391,2042764
2015,AC,48242,922677
2015,AL,148365,4214715
2015,AM,206077,4263142
2015,AP,20759,937862
2015,BA,779676,18977729
2015,CE,584068,11781282
2015,DF,610213,6325391
2015,ES,455854,4430762
2015,GO,740439,9611156
2015,MA,183645,6712395
2015,MG,2264094,26975916
2015,MS,308862,3870970
2015,MT,303340,4752085
2015,PA,258493,9386911
2015,PB,235576,5203832
2015,PE,503166,13194785
2015,PI,132719,4266711
2015,PR,1734349,15368356
2015,RJ,2714954,25035662
2015,RN,235818,4711940
2015,RO,108988,2469789
2015,RR,32842,516117
2015,RS,1548108,16618516
2015,SC,1011377,9222336
2015,SE,134598,2704999
2015,SP,9035365,68869229
2015,TO,90194,2054902
2015,AC,48492,932771
2015,AL,148651,4223417
2015,AM,211151,4286302
2015,AP,20939,938156
2015,BA,780431,18941650
2015,CE,582926,11769812
2015,DF,618232,6312535
2015,ES,463722,4451064
2015,GO,749329,9582332
2015,MA,185451,6683150
2015,MG,2309198,26968112
2015,MS,315861,3860603
2015,MT,309250,4763825
2015,PA,260539,9397353
2015,PB,237721,5197198
2015,PE,504965,13182918
2015,PI,133709,4273863
2015,PR,1751112,15366009
2015,RJ,2767175,25012737
2015,RN,240902,4706028
2015,RO,119951,2459464
2015,RR,33164,521972
2015,RS,1543913,16570621
2015,SC,1044437,9249104
2015,SE,136699,2705899
2015,SP,9069720,69116557
2015,TO,90013,2044927
2015,AC,49163,944025
2015,AL,149342,4226581
2015,AM,215305,4303235
2015,AP,21237,941182
2015,BA,782792,18960107
2015,CE,592079,11821519
2015,DF,619524,6328241
2015,ES,461658,4475018
2015,GO,758439,9578103
2015,MA,186770,6729867
2015,MG,2344684,27063259
2015,MS,319898,3873700
2015,MT,312463,4779468
2015,PA,262353,9436923
2015,PB,238744,5185945
2015,PE,506307,13181502
2015,PI,135874,4290136
2015,PR,1760515,15417864
2015,RJ,2794988,25104092
2015,RN,240474,4715657
2015,RO,122674,2462496
2015,RR,33560,525748
2015,RS,1560637,16563013
2015,SC,1048650,9253380
2015,SE,137437,2711073
2015,SP,9113153,69239181
2015,TO,89931,2043303
2015,AC,49408,942389
2015,AL,148858,4198852
2015,AM,220187,4270268
2015,AP,21672,933561
2015,BA,783009,18748837
2015,CE,593073,11701507
2015,DF,623055,6318634
2015,ES,472182,4454517
2015,GO,766925,9561173
2015,MA,187907,6669917
2015,MG,2332845,26870931
2015,MS,322372,3851780
2015,MT,314812,4752643
2015,PA,265526,9329162
2015,PB,239265,5167125
2015,PE,507335,13056429
2015,PI,137036,4243468
2015,PR,1769522,15339741
2015,RJ,2800554,24969336
2015,RN,243361,4680607
2015,RO,123149,2439342
2015,RR,33609,522308
2015,RS,1570400,16413810
2015,SC,1060154,9193062
2015,SE,138542,2687536
2015,SP,9130970,69108920
2015,TO,91232,2028800
2015,AC,49771,941643
2015,AL,149318,4176732
2015,AM,224994,4261229
2015,AP,21991,930377
2015,BA,787788,18690241
2015,CE,595681,11658799
2015,DF,626503,6294970
2015,ES,473551,4434395
2015,GO,773800,9583991
2015,MA,189771,6647215
2015,MG,2361763,26752900
2015,MS,324347,3839815
2015,MT,316016,4716624
2015,PA,267124,9287249
2015,PB,240531,5151909
2015,PE,511496,12964903
2015,PI,139501,4235813
2015,PR,1779461,15316080
2015,RJ,2817467,24960161
2015,RN,245120,4656088
2015,RO,124014,2429408
2015,RR,33869,521698
2015,RS,1569935,16354915
2015,SC,1070671,9145056
2015,SE,142648,2672754
2015,SP,9170386,68801449
2015,TO,90917,2023807
2015,AC,50097,935138
2015,AL,150183,4120696
2015,AM,228710,4221941
2015,AP,22477,924863
2015,BA,789088,18512925
2015,CE,594029,11652963
2015,DF,632223,6282960
2015,ES,478819,4400752
2015,GO,769427,9560923
2015,MA,191402,6633437
2015,MG,2375189,26590527
2015,MS,325562,3807908
2015,MT,316279,4668401
2015,PA,269553,9240784
2015,PB,241870,5104885
2015,PE,512322,12816616
2015,PI,140419,4197607
2015,PR,1785028,15289103
2015,RJ,2828181,24930710
2015,RN,250985,4600724
2015,RO,125627,2414753
2015,RR,34170,520567
2015,RS,1582184,16293441
2015,SC,1078464,9083668
2015,SE,145334,2647515
2015,SP,9219967,68545724
2015,TO,91109,2023441
2015,AC,50433,905954
2015,AL,151015,4050452
2015,AM,234368,4104287
2015,AP,34913,901150
2015,BA,793784,18214997
2015,CE,603011,11515593
2015,DF,637459,6182038
2015,ES,478804,4297885
2015,GO,778299,9414812
2015,MA,193558,6539264
2015,MG,2406187,26262192
2015,MS,327962,3732892
2015,MT,321256,4551950
2015,PA,272885,9070340
2015,PB,245462,5045428
2015,PE,513756,12655338
2015,PI,142252,4149224
2015,PR,1793006,15125251
2015,RJ,2853586,24650158
2015,RN,250279,4540124
2015,RO,126226,2368728
2015,RR,34362,512503
2015,RS,1643999,15980569
2015,SC,1087556,8933950
2015,SE,147243,2586895
2015,SP,9235716,67605936
2015,TO,95042,1991602
2015,AC,50941,904352
2015,AL,149585,3999272
2015,AM,238132,4034336
2015,AP,23598,893157
2015,BA,803047,17972631
2015,CE,594416,11325567
2015,DF,636657,6111513
2015,ES,475201,4281075
2015,GO,782054,9301239
2015,MA,195104,6497409
2015,MG,2386097,26148885
2015,MS,329216,3685239
2015,MT,324346,4528168
2015,PA,275926,8978278
2015,PB,246333,4979489
2015,PE,512068,12502209
2015,PI,143264,4095029
2015,PR,1796302,15056098
2015,RJ,2867212,24494836
2015,RN,251664,4486144
2015,RO,126335,2340591
2015,RR,34625,510239
2015,RS,1642169,15872504
2015,SC,1101225,8897448
2015,SE,146498,2572071
2015,SP,9270429,67344984
2015,TO,95203,1983758
2015,AC,50861,878663
2015,AL,149892,3911235
2015,AM,241199,3992356
2015,AP,24076,878577
2015,BA,793750,17657968
2015,CE,595474,11130627
2015,DF,635100,6056171
2015,ES,474209,4258344
2015,GO,784617,8933875
2015,MA,194694,6365753
2015,MG,2404053,25813911
2015,MS,329347,3558944
2015,MT,326302,4428182
2015,PA,279603,8790294
2015,PB,246773,4888158
2015,PE,510443,12255565
2015,PI,143789,4028865
2015,PR,1790712,14856632
2015,RJ,2874817,24101733
2015,RN,252352,4402115
2015,RO,128854,2251334
2015,RR,34957,508390
2015,RS,1569683,15569529
2015,SC,1084613,8808880
2015,SE,147260,2552221
2015,SP,9271476,66747314
2015,TO,95187,1965999
2015,AC,51141,805497
2015,AL,147791,3739032
2015,AM,243627,3709617
2015,AP,48722,803412
2015,BA,789059,16636911
2015,CE,582170,10818561
2015,DF,632185,5615044
2015,ES,470219,3911738
2015,GO,785053,8533491
2015,MA,194679,6058136
2015,MG,2408473,24709511
2015,MS,328796,3359730
2015,MT,327073,4160649
2015,PA,279820,8290703
2015,PB,246320,4711760
2015,PE,504933,11859347
2015,PI,143096,3924416
2015,PR,1770559,14252894
2015,RJ,2888759,23068078
2015,RN,253393,4280595
2015,RO,131175,2133397
2015,RR,35086,480103
2015,RS,1574865,14774676
2015,SC,1098501,8505712
2015,SE,145429,2269886
2015,SP,9395466,64540863
2015,TO,97661,1840885
2016,AC,51421,801796
2016,AL,147359,3723315
2016,AM,245027,3722347
2016,AP,47668,796991
2016,BA,786988,16602368
2016,CE,595985,10750765
2016,DF,633437,5601246
2016,ES,471469,3984528
2016,GO,784442,8567942
2016,MA,196303,6058182
2016,MG,2397758,24559941
2016,MS,330565,3375030
2016,MT,329898,4168917
2016,PA,282632,8219361
2016,PB,248052,4674501
2016,PE,500863,11819323
2016,PI,143925,3907441
2016,PR,1789111,14309646
2016,RJ,2876620,22971276
2016,RN,255491,4230554
2016,RO,130985,2141896
2016,RR,35393,479670
2016,RS,1532497,14806552
2016,SC,1082779,8508237
2016,SE,145587,2254829
2016,SP,9300011,64363395
2016,TO,97572,1848001
2016,AC,51873,800357
2016,AL,148023,3730969
2016,AM,248511,3717823
2016,AP,48858,794486
2016,BA,789025,16707566
2016,CE,574688,10817920
2016,DF,638460,5598960
2016,ES,475170,4018594
2016,GO,785809,8581859
2016,MA,198178,6100425
2016,MG,2440642,24654578
2016,MS,333191,3381464
2016,MT,331513,4180725
2016,PA,285438,8250378
2016,PB,248965,4689764
2016,PE,496826,11859606
2016,PI,143488,3918258
2016,PR,1799911,14346901
2016,RJ,2884083,23029761
2016,RN,252045,4229213
2016,RO,130390,2144945
2016,RR,35745,486498
2016,RS,1540078,14795094
2016,SC,1102327,8549968
2016,SE,149375,2249619
2016,SP,9330947,64569612
2016,TO,97827,1857434
2016,AC,51889,805323
2016,AL,149056,3710376
2016,AM,251554,3677200
2016,AP,50187,738375
2016,BA,797083,16777365
2016,CE,596719,10803976
2016,DF,642577,5616455
2016,ES,473958,3997710
2016,GO,791911,8590453
2016,MA,199278,6122651
2016,MG,2462401,24626765
2016,MS,335134,3384204
2016,MT,335175,4182574
2016,PA,286994,8162769
2016,PB,251174,4673558
2016,PE,503090,11803757
2016,PI,145770,3912128
2016,PR,1802862,14346730
2016,RJ,2930723,23041536
2016,RN,257741,4207866
2016,RO,136323,2161208
2016,RR,35986,474164
2016,RS,1557074,14834151
2016,SC,1113243,8545013
2016,SE,151347,2284068
2016,SP,9390216,64453199
2016,TO,98049,1877082
2016,AC,52624,806233
2016,AL,148407,3680785
2016,AM,254386,3611673
2016,AP,51028,791801
2016,BA,798154,16755934
2016,CE,590338,10690688
2016,DF,645893,5595641
2016,ES,475501,3942538
2016,GO,797308,8592615
2016,MA,201486,6067122
2016,MG,2472083,24460384
2016,MS,337754,3369207
2016,MT,336232,4169940
2016,PA,288789,8119954
2016,PB,249622,4618516
2016,PE,500652,11688564
2016,PI,146368,3879308
2016,PR,1800212,14271517
2016,RJ,2948667,22939849
2016,RN,259249,4160800
2016,RO,133871,2160482
2016,RR,36296,488350
2016,RS,1562104,14825595
2016,SC,1123518,8513879
2016,SE,151056,2295725
2016,SP,9424260,64048586
2016,TO,99378,1883409
2016,AC,52859,811217
2016,AL,148715,3658362
2016,AM,258221,3571337
2016,AP,52550,775496
2016,BA,803367,16695431
2016,CE,591536,10580675
2016,DF,646315,5585073
2016,ES,478783,3909537
2016,GO,811189,8580043
2016,MA,203037,6096276
2016,MG,2509244,24295011
2016,MS,340398,3369019
2016,MT,345013,4173733
2016,PA,293216,8013674
2016,PB,250689,4584592
2016,PE,503834,11606154
2016,PI,147651,3857172
2016,PR,1805887,14146056
2016,RJ,2960980,22877150
2016,RN,260486,4118270
2016,RO,135809,2136287
2016,RR,36610,485645
2016,RS,1574741,14813948
2016,SC,1131110,8424941
2016,SE,152359,2297849
2016,SP,9445644,63878007
2016,TO,100748,1890722
2016,AC,53257,812591
2016,AL,148888,3606026
2016,AM,260240,3553883
2016,AP,49312,769455
2016,BA,805267,16546903
2016,CE,594748,10465043
2016,DF,651200,5567786
2016,ES,482493,3938342
2016,GO,809545,8544557
2016,MA,204863,5966647
2016,MG,2509554,24127440
2016,MS,390865,3379143
2016,MT,348476,4180885
2016,PA,297017,7926560
2016,PB,254516,4536167
2016,PE,500646,11456392
2016,PI,148585,3818655
2016,PR,1815718,14021502
2016,RJ,2954474,22826025
2016,RN,261090,4062738
2016,RO,135470,2115268
2016,RR,36730,487825
2016,RS,1586220,14735655
2016,SC,1126924,8340623
2016,SE,153487,2272220
2016,SP,9450845,63462622
2016,TO,102537,1886839
2016,AC,53184,815301
2016,AL,149212,3575432
2016,AM,263784,3556120
2016,AP,41538,765837
2016,BA,812404,16464352
2016,CE,602517,10431697
2016,DF,653395,5550971
2016,ES,484833,3929169
2016,GO,825568,8540713
2016,MA,206904,5968912
2016,MG,2537202,24027547
2016,MS,346681,3381246
2016,MT,350981,4182499
2016,PA,298453,7908122
2016,PB,258509,4530305
2016,PE,506023,11415928
2016,PI,150645,3803480
2016,PR,1830836,13962370
2016,RJ,2984831,22774923
2016,RN,267469,4041716
2016,RO,137269,2109413
2016,RR,36916,490307
2016,RS,1598388,14697110
2016,SC,1143605,8294502
2016,SE,155569,2264740
2016,SP,9507916,63207842
2016,TO,102227,1883287
2016,AC,53571,802895
2016,AL,149186,3548304
2016,AM,263639,3527535
2016,AP,53104,759453
2016,BA,821164,16414341
2016,CE,603875,10387815
2016,DF,657172,5516889
2016,ES,486466,3935287
2016,GO,832662,8512226
2016,MA,215914,5980217
2016,MG,2565571,23995789
2016,MS,348210,3358956
2016,MT,354619,4155825
2016,PA,297664,7885901
2016,PB,252834,4525098
2016,PE,508485,11330500
2016,PI,152402,3790335
2016,PR,1844343,13943432
2016,RJ,3017281,22783736
2016,RN,268350,4019556
2016,RO,136911,2090170
2016,RR,37141,487739
2016,RS,1628349,14650250
2016,SC,1165969,8291072
2016,SE,156728,2257516
2016,SP,9534602,63271520
2016,TO,101683,1859127
2016,AC,53781,793918
2016,AL,149449,3519769
2016,AM,264720,3503549
2016,AP,55322,754243
2016,BA,807355,16311062
2016,CE,596394,10337698
2016,DF,658655,5430266
2016,ES,482447,3915505
2016,GO,835086,8461165
2016,MA,212020,5968522
2016,MG,2563338,23917649
2016,MS,351085,3355802
2016,MT,355424,4143739
2016,PA,298278,7838186
2016,PB,259114,4505272
2016,PE,512132,11215575
2016,PI,152896,3769990
2016,PR,1846167,13878573
2016,RJ,2996187,22743135
2016,RN,271159,3993631
2016,RO,135958,2075622
2016,RR,37274,483737
2016,RS,1622442,14592903
2016,SC,1169957,8269128
2016,SE,156616,2256122
2016,SP,9576702,63159777
2016,TO,102944,1833874
2016,AC,54315,788376
2016,AL,148848,3410693
2016,AM,265909,3487403
2016,AP,57907,747255
2016,BA,811406,15918744
2016,CE,598609,10055938
2016,DF,659870,5386212
2016,ES,483690,3887461
2016,GO,835812,8204140
2016,MA,211150,5914317
2016,MG,2578790,23746978
2016,MS,349702,3335259
2016,MT,356065,4106402
2016,PA,297945,7753900
2016,PB,259223,4390007
2016,PE,510216,10896275
2016,PI,153384,3644106
2016,PR,1834947,13801347
2016,RJ,3003204,22355956
2016,RN,268855,3869276
2016,RO,142140,2043743
2016,RR,37260,482048
2016,RS,1647439,14492944
2016,SC,1175427,8196696
2016,SE,156783,2227746
2016,SP,9607607,62512382
2016,TO,103310,1805906
2016,AC,54656,796101
2016,AL,149948,3418788
2016,AM,268910,3493496
2016,AP,54836,742253
2016,BA,816120,15925303
2016,CE,600325,10105597
2016,DF,652284,5315519
2016,ES,489746,3875487
2016,GO,846417,8297740
2016,MA,218430,5910274
2016,MG,2606713,23734825
2016,MS,350830,3351380
2016,MT,355697,4114723
2016,PA,301970,7740597
2016,PB,255388,4416581
2016,PE,519071,10940400
2016,PI,156548,3671342
2016,PR,1831856,13927856
2016,RJ,3026049,22539195
2016,RN,265947,3880545
2016,RO,143693,2045605
2016,RR,37308,481630
2016,RS,1651960,14612914
2016,SC,1180948,8266564
2016,SE,159385,2217035
2016,SP,9625196,62826866
2016,TO,101377,1799448
2016,AC,54358,788933
2016,AL,149697,3330071
2016,AM,267233,3472465
2016,AP,58334,731340
2016,BA,813170,15484941
2016,CE,586569,9813879
2016,DF,652372,5260985
2016,ES,483434,3841782
2016,GO,849433,8173344
2016,MA,220053,5767003
2016,MG,2596039,23346999
2016,MS,346460,3326259
2016,MT,358848,4079894
2016,PA,300025,7626708
2016,PB,254943,4272656
2016,PE,517355,10567217
2016,PI,156980,3623397
2016,PR,1839719,13767807
2016,RJ,3009348,22047775
2016,RN,267948,3777723
2016,RO,145342,2006268
2016,RR,37163,479189
2016,RS,1613952,14225899
2016,SC,1179853,8141527
2016,SE,159553,2162317
2016,SP,9565260,62174631
2016,TO,103520,1775750
2017,AC,55077,791124
2017,AL,151613,3317256
2017,AM,267299,3463008
2017,AP,54162,727613
2017,BA,818527,15449062
2017,CE,594364,9774966
2017,DF,667036,5229751
2017,ES,486745,3840144
2017,GO,855294,8152012
2017,MA,217365,5749912
2017,MG,2618704,23290042
2017,MS,350737,3316979
2017,MT,348818,4063587
2017,PA,300599,7595339
2017,PB,263461,4266585
2017,PE,512899,10540656
2017,PI,157072,3610659
2017,PR,1848724,13728196
2017,RJ,3021868,21927538
2017,RN,273788,3764155
2017,RO,144573,1999492
2017,RR,37145,481545
2017,RS,1665096,14167594
2017,SC,1172733,8134632
2017,SE,161532,2160496
2017,SP,9613278,62106404
2017,TO,103053,1770235
2017,AC,55409,788086
2017,AL,152068,3308307
2017,AM,266149,3455859
2017,AP,54643,724987
2017,BA,821179,15411313
2017,CE,599670,9703137
2017,DF,668588,5214939
2017,ES,498683,3820149
2017,GO,859247,8140530
2017,MA,221921,5737936
2017,MG,2616309,23206383
2017,MS,356382,3320761
2017,MT,353303,4059955
2017,PA,307050,7537024
2017,PB,263144,4265546
2017,PE,517015,10528876
2017,PI,159755,3591316
2017,PR,1860254,13700368
2017,RJ,2997569,21817899
2017,RN,282234,3751311
2017,RO,144589,2001871
2017,RR,37162,481114
2017,RS,1663864,14204437
2017,SC,1186457,8131396
2017,SE,161846,2156256
2017,SP,9651131,62087899
2017,TO,103316,1771316
2017,AC,56410,785959
2017,AL,154369,3314644
2017,AM,267864,3455106
2017,AP,56842,722784
2017,BA,823826,15381038
2017,CE,614568,9651462
2017,DF,680078,5213498
2017,ES,505133,3815816
2017,GO,873709,8107536
2017,MA,223615,5749554
2017,MG,2651340,23198070
2017,MS,360687,3308802
2017,MT,371286,4056337
2017,PA,308182,7509506
2017,PB,266728,4271794
2017,PE,521477,10503521
2017,PI,158919,3587217
2017,PR,1898062,13699460
2017,RJ,3041050,21732762
2017,RN,273638,3755882
2017,RO,148267,2000133
2017,RR,37110,482250
2017,RS,1717785,14170370
2017,SC,1232405,8143733
2017,SE,164583,2152788
2017,SP,9650852,62249499
2017,TO,106791,1770773
2017,AC,57364,787299
2017,AL,154641,3304377
2017,AM,268350,3450926
2017,AP,57845,721780
2017,BA,824030,15310562
2017,CE,629125,9589216
2017,DF,681245,5199498
2017,ES,512793,3805707
2017,GO,876684,8083878
2017,MA,227746,5741773
2017,MG,2674504,23124471
2017,MS,361168,3301491
2017,MT,369032,4053983
2017,PA,316578,7485113
2017,PB,270829,4276764
2017,PE,526576,10476088
2017,PI,160248,3577975
2017,PR,1900701,13652609
2017,RJ,3038812,21702541
2017,RN,280227,3747844
2017,RO,148509,1995171
2017,RR,37209,481105
2017,RS,1726085,14144899
2017,SC,1237391,8136060
2017,SE,164363,2143146
2017,SP,9686340,62272336
2017,TO,106952,1768593
2017,AC,57659,785220
2017,AL,154860,3288455
2017,AM,269678,3447345
2017,AP,58317,719443
2017,BA,826835,15258847
2017,CE,661379,9540992
2017,DF,685377,5203984
2017,ES,517227,3809344
2017,GO,886477,8095609
2017,MA,228210,5727295
2017,MG,2716361,23099685
2017,MS,366514,3304193
2017,MT,372936,4070971
2017,PA,321085,7463449
2017,PB,274779,4272506
2017,PE,528978,10457967
2017,PI,161372,3576902
2017,PR,1891558,13618358
2017,RJ,3062243,21689592
2017,RN,308006,3738078
2017,RO,150934,2000634
2017,RR,37236,479606
2017,RS,1715338,14068007
2017,SC,1243815,8118255
2017,SE,168687,2134937
2017,SP,9695539,62373752
2017,TO,108155,1774751
2017,AC,58506,783289
2017,AL,156227,3280936
2017,AM,272562,3438993
2017,AP,58535,717675
2017,BA,829392,15241742
2017,CE,672003,9551090
2017,DF,686301,5192560
2017,ES,524021,3807302
2017,GO,895081,8105625
2017,MA,233650,5726572
2017,MG,2760698,23087322
2017,MS,368973,3295233
2017,MT,371132,4078981
2017,PA,323024,7437805
2017,PB,277088,4277479
2017,PE,530656,10469280
2017,PI,163727,3577116
2017,PR,1905970,13626561
2017,RJ,3041394,21674312
2017,RN,300133,3737323
2017,RO,146684,1988551
2017,RR,37494,478622
2017,RS,1784235,14025981
2017,SC,1254410,8111414
2017,SE,168098,2129692
2017,SP,9755103,62499569
2017,TO,107698,1774796
2017,AC,59083,782371
2017,AL,156038,3265561
2017,AM,273615,3436026
2017,AP,61550,719076
2017,BA,839218,15195086
2017,CE,690562,9556957
2017,DF,691959,5171086
2017,ES,528357,3806131
2017,GO,908355,8117763
2017,MA,236561,5730662
2017,MG,2740231,23058940
2017,MS,372508,3299541
2017,MT,373937,4085930
2017,PA,325686,7427195
2017,PB,277969,4277871
2017,PE,533046,10454373
2017,PI,165118,3575908
2017,PR,1935091,13630196
2017,RJ,3067507,21634032
2017,RN,316343,3728097
2017,RO,151835,1979763
2017,RR,37544,480260
2017,RS,1782296,13960186
2017,SC,1287896,8080641
2017,SE,172909,2125688
2017,SP,9801686,62660949
2017,TO,109168,1771060
2017,AC,59201,783313
2017,AL,156207,3261347
2017,AM,275193,3435476
2017,AP,61078,718137
2017,BA,853478,15167868
2017,CE,693154,9565918
2017,DF,696172,5170250
2017,ES,532123,3800734
2017,GO,916190,8157668
2017,MA,236306,5744664
2017,MG,2791985,23057728
2017,MS,375469,3300707
2017,MT,376235,4096025
2017,PA,331942,7405334
2017,PB,284865,4269852
2017,PE,536117,10449050
2017,PI,167140,3575262
2017,PR,1954699,13580193
2017,RJ,3085896,21609989
2017,RN,322879,3720592
2017,RO,153565,1979991
2017,RR,37478,479998
2017,RS,1777696,13970833
2017,SC,1298194,8078588
2017,SE,174042,2126055
2017,SP,9813569,62884842
2017,TO,108117,1777090
2017,AC,60618,775804
2017,AL,156903,3236031
2017,AM,275394,3433434
2017,AP,61369,712627
2017,BA,857376,15072694
2017,CE,696036,9513443
2017,DF,699925,5126416
2017,ES,539474,3800925
2017,GO,916538,8093841
2017,MA,241195,5726308
2017,MG,2804513,22990648
2017,MS,376693,3266777
2017,MT,381753,4059259
2017,PA,333968,7361618
2017,PB,284025,4239568
2017,PE,533889,10402570
2017,PI,165114,3549681
2017,PR,1969321,13427120
2017,RJ,3088714,21531516
2017,RN,325419,3691441
2017,RO,151386,1945685
2017,RR,37325,478278
2017,RS,1779401,13888450
2017,SC,1300615,8054716
2017,SE,175256,2119031
2017,SP,9871580,62798727
2017,TO,109478,1766347
2017,AC,60380,775020
2017,AL,155711,3227406
2017,AM,276090,3442773
2017,AP,61277,710891
2017,BA,861545,14998803
2017,CE,701604,9502691
2017,DF,698229,5103349
2017,ES,541995,3801714
2017,GO,919907,8071970
2017,MA,257388,5716289
2017,MG,2813933,22924926
2017,MS,381946,3260964
2017,MT,385376,4053000
2017,PA,341366,7340401
2017,PB,285368,4236966
2017,PE,534538,10400901
2017,PI,167387,3535586
2017,PR,1995306,13449080
2017,RJ,3049978,21455672
2017,RN,327887,3676127
2017,RO,151558,1957771
2017,RR,37653,479990
2017,RS,1806808,13926716
2017,SC,1320202,8062988
2017,SE,179192,2110025
2017,SP,9902813,62865678
2017,TO,110581,1762984
2017,AC,61255,771103
2017,AL,159581,3175102
2017,AM,277742,3451446
2017,AP,64987,705464
2017,BA,874667,14835522
2017,CE,714731,9359317
2017,DF,701840,5034740
2017,ES,546469,3800669
2017,GO,927148,8045564
2017,MA,262990,5620380
2017,MG,2841731,22767300
2017,MS,386201,3254100
2017,MT,389416,4035822
2017,PA,349523,7286215
2017,PB,288323,4170019
2017,PE,526912,10239051
2017,PI,167367,3500475
2017,PR,2029947,13408976
2017,RJ,3099957,21303350
2017,RN,317960,3616210
2017,RO,152329,1928641
2017,RR,37751,482094
2017,RS,1803511,13846344
2017,SC,1339247,8021446
2017,SE,181774,2099520
2017,SP,9922201,62611843
2017,TO,110568,1721144
2017,AC,61286,768863
2017,AL,160256,3103182
2017,AM,281291,3460176
2017,AP,65150,707503
2017,BA,889954,14450344
2017,CE,739111,9158116
2017,DF,706458,4948868
2017,ES,558168,3805715
2017,GO,937423,7935820
2017,MA,267541,5525288
2017,MG,2876066,22586756
2017,MS,391741,3229703
2017,MT,391551,4015462
2017,PA,351567,7251524
2017,PB,336035,4083939
2017,PE,540722,10011702
2017,PI,169478,3446285
2017,PR,2052555,13370408
2017,RJ,3151218,20962287
2017,RN,334345,3533547
2017,RO,157512,1879026
2017,RR,37776,484904
2017,RS,1772473,13664172
2017,SC,1244772,7999254
2017,SE,183308,2086820
2017,SP,9902405,62352727
2017,TO,109854,1666157
2018,AC,61753,769816
2018,AL,160316,3095690
2018,AM,287705,3471171
2018,AP,63241,708496
2018,BA,900133,14481822
2018,CE,731794,9135515
2018,DF,709273,4941265
2018,ES,553036,3811248
2018,GO,954764,7919056
2018,MA,275571,5529275
2018,MG,2906842,22594724
2018,MS,398948,3223983
2018,MT,391630,4019177
2018,PA,359670,7262701
2018,PB,301932,4078576
2018,PE,544790,9990076
2018,PI,172691,3439624
2018,PR,2070582,13332361
2018,RJ,3198359,20856384
2018,RN,340400,3517809
2018,RO,154210,1872763
2018,RR,38065,485642
2018,RS,1834459,13648086
2018,SC,1338969,8014984
2018,SE,186656,2082290
2018,SP,10031537,62286306
2018,TO,110182,1661044
2018,AC,62775,761926
2018,AL,161972,3088941
2018,AM,289491,3488092
2018,AP,65040,711601
2018,BA,912866,14434749
2018,CE,740140,9093780
2018,DF,714920,4920915
2018,ES,553015,3800592
2018,GO,957553,7858305
2018,MA,277339,5535889
2018,MG,2919878,22527805
2018,MS,402618,3215462
2018,MT,396953,4018751
2018,PA,366959,7262700
2018,PB,308469,4070063
2018,PE,536862,9969293
2018,PI,174524,3424227
2018,PR,2107444,13253325
2018,RJ,3152867,20722809
2018,RN,344477,3504188
2018,RO,158785,1867911
2018,RR,37746,488262
2018,RS,1838992,13571289
2018,SC,1365818,8015902
2018,SE,186655,2081020
2018,SP,10104890,62320864
2018,TO,112208,1646844
2018,AC,63647,768072
2018,AL,160380,3084390
2018,AM,296988,3526928
2018,AP,62152,717573
2018,BA,937238,14399014
2018,CE,738457,9066302
2018,DF,717024,4894182
2018,ES,552917,3812355
2018,GO,973492,7857435
2018,MA,282064,5543312
2018,MG,3011842,22492834
2018,MS,403222,3219649
2018,MT,401355,4030448
2018,PA,368176,7278011
2018,PB,311504,4074930
2018,PE,549260,9965347
2018,PI,179115,3416442
2018,PR,2136454,13277907
2018,RJ,3236221,20646400
2018,RN,345419,3498027
2018,RO,162261,1871954
2018,RR,37247,492414
2018,RS,1863979,13569854
2018,SC,1383322,8047006
2018,SE,190588,2078520
2018,SP,10210469,62508023
2018,TO,115021,1648866
2018,AC,63882,772606
2018,AL,165749,3086454
2018,AM,296501,3546635
2018,AP,64609,724297
2018,BA,956485,14366644
2018,CE,749951,9080350
2018,DF,718163,4867115
2018,ES,558275,3811720
2018,GO,973215,7863867
2018,MA,285005,5599487
2018,MG,3076276,22435355
2018,MS,405821,3233428
2018,MT,400249,4033921
2018,PA,373064,7307471
2018,PB,316766,4089907
2018,PE,550076,9966699
2018,PI,177046,3415060
2018,PR,2161095,13196627
2018,RJ,3215888,20539447
2018,RN,340154,3497882
2018,RO,159453,1882244
2018,RR,37290,496706
2018,RS,1902347,13561673
2018,SC,1441979,8079885
2018,SE,196287,2082360
2018,SP,10244691,62516273
2018,TO,116454,1651857
2018,AC,64728,778684
2018,AL,170339,3079709
2018,AM,301934,3573328
2018,AP,65014,729130
2018,BA,950873,14319804
2018,CE,765641,9048745
2018,DF,721994,4840355
2018,ES,561649,3835513
2018,GO,974967,7865951
2018,MA,285472,5581384
2018,MG,3077994,22384650
2018,MS,410907,3242471
2018,MT,404860,4044461
2018,PA,379249,7318149
2018,PB,318554,4106048
2018,PE,549666,9937207
2018,PI,177362,3396045
2018,PR,2180456,13139480
2018,RJ,3261889,20455783
2018,RN,356570,3491254
2018,RO,162988,1873565
2018,RR,37089,501401
2018,RS,1898129,13553536
2018,SC,1452921,8066966
2018,SE,198536,2089850
2018,SP,10279136,62547521
2018,TO,120911,1650580
2018,AC,65560,783108
2018,AL,163813,3066783
2018,AM,300909,3586417
2018,AP,62844,732870
2018,BA,961845,14313737
2018,CE,781539,9014171
2018,DF,724372,4800276
2018,ES,566598,3853191
2018,GO,991433,7852874
2018,MA,289476,5575766
2018,MG,3105458,22359092
2018,MS,412634,3240734
2018,MT,410719,4046488
2018,PA,374280,7311949
2018,PB,327127,4129093
2018,PE,547908,9916196
2018,PI,182555,3375744
2018,PR,2189690,13085725
2018,RJ,3241173,20373733
2018,RN,358879,3480080
2018,RO,164613,1864985
2018,RR,37030,505246
2018,RS,1956683,13553608
2018,SC,1457917,8051641
2018,SE,201176,2097411
2018,SP,10312606,62456585
2018,TO,118373,1648714
2018,AC,66262,785494
2018,AL,167746,3054738
2018,AM,303530,3602374
2018,AP,65678,741183
2018,BA,978813,14283531
2018,CE,793651,9019031
2018,DF,727091,4793898
2018,ES,564057,3862303
2018,GO,988749,7793796
2018,MA,288785,5596956
2018,MG,3135493,22324119
2018,MS,417735,3243162
2018,MT,411826,4042537
2018,PA,380292,7345466
2018,PB,323036,4146265
2018,PE,541555,9890809
2018,PI,185541,3360067
2018,PR,2220093,13047326
2018,RJ,3285376,20251715
2018,RN,359408,3475120
2018,RO,166716,1852984
2018,RR,36467,509652
2018,RS,1987821,13495028
2018,SC,1471491,7992996
2018,SE,198943,2102554
2018,SP,10360034,62494990
2018,TO,119077,1641058
2018,AC,65365,782310
2018,AL,168328,3063755
2018,AM,308889,3609930
2018,AP,65144,750403
2018,BA,967287,14252608
2018,CE,801958,9024970
2018,DF,729110,4735951
2018,ES,564924,3858093
2018,GO,1000442,7750836
2018,MA,288678,5608150
2018,MG,3164062,22285869
2018,MS,420370,3227176
2018,MT,411277,4008241
2018,PA,388742,7389170
2018,PB,335543,4169250
2018,PE,550041,9877588
2018,PI,182603,3351410
2018,PR,2230305,13059987
2018,RJ,3305753,20111479
2018,RN,356816,3468648
2018,RO,152031,1839402
2018,RR,37176,514697
2018,RS,1949958,13422765
2018,SC,1462000,7964450
2018,SE,199856,2094664
2018,SP,10314279,62509568
2018,TO,121018,1634999
2018,AC,64622,778872
2018,AL,174588,3065550
2018,AM,308767,3605090
2018,AP,68295,748320
2018,BA,980232,14200974
2018,CE,805939,9042208
2018,DF,732389,4695402
2018,ES,571076,3834652
2018,GO,998650,7746540
2018,MA,290043,5621980
2018,MG,3190441,22226232
2018,MS,419733,3209562
2018,MT,418984,3979837
2018,PA,387334,7395260
2018,PB,335956,4168635
2018,PE,550577,9873395
2018,PI,185491,3347603
2018,PR,2245827,13045347
2018,RJ,3314364,20045601
2018,RN,357317,3470644
2018,RO,152772,1830627
2018,RR,36703,516684
2018,RS,2007702,13379210
2018,SC,1473570,7945229
2018,SE,197386,2073747
2018,SP,10339488,62772663
2018,TO,118856,1633983
2018,AC,65093,773452
2018,AL,175819,3035946
2018,AM,313784,3582689
2018,AP,65177,742502
2018,BA,996468,14068453
2018,CE,818339,8955801
2018,DF,731435,4671447
2018,ES,575402,3838831
2018,GO,1014543,7743345
2018,MA,290077,5550525
2018,MG,3230545,22092599
2018,MS,422689,3185035
2018,MT,421404,3953293
2018,PA,387590,7331157
2018,PB,329360,4131921
2018,PE,561682,9786476
2018,PI,186463,3322587
2018,PR,2256112,13057734
2018,RJ,3304094,19988423
2018,RN,371833,3436486
2018,RO,155719,1824841
2018,RR,37424,517547
2018,RS,1988569,13276480
2018,SC,1497691,7930446
2018,SE,203780,2067571
2018,SP,10427221,62861768
2018,TO,122370,1620506
2018,AC,64960,771923
2018,AL,175026,2975705
2018,AM,316415,3569233
2018,AP,67105,733791
2018,BA,992335,13835861
2018,CE,818533,8795379
2018,DF,730588,4646043
2018,ES,580618,3824458
2018,GO,1015213,7691188
2018,MA,287355,5465018
2018,MG,3218443,21887708
2018,MS,418163,3164247
2018,MT,423988,3930385
2018,PA,394143,7265849
2018,PB,332195,4053732
2018,PE,564647,9607581
2018,PI,187829,3285976
2018,PR,2264485,13032339
2018,RJ,3326983,19858419
2018,RN,371099,3371891
2018,RO,157022,1811738
2018,RR,36939,514621
2018,RS,2009635,13180460
2018,SC,1518330,7921548
2018,SE,201162,2057357
2018,SP,10462246,62968682
2018,TO,122607,1606827
2018,AC,63541,759721
2018,AL,173925,2937207
2018,AM,321055,3527080
2018,AP,66068,726748
2018,BA,1003444,13687981
2018,CE,838053,8546314
2018,DF,730097,4461849
2018,ES,581012,3817369
2018,GO,991146,7402279
2018,MA,286595,5432364
2018,MG,3250228,21763790
2018,MS,410297,3092769
2018,MT,424742,3839188
2018,PA,391095,7220648
2018,PB,329069,3947584
2018,PE,567298,9536174
2018,PI,191722,3236782
2018,PR,2250260,12971709
2018,RJ,3287218,19291626
2018,RN,369004,3290867
2018,RO,144397,1775079
2018,RR,36792,507970
2018,RS,2029718,12880830
2018,SC,1532077,7935603
2018,SE,208899,2048264
2018,SP,10450934,62995649
2018,TO,119533,1577446
2019,AC,64323,759685
2019,AL,177303,2926143
2019,AM,326397,3524493
2019,AP,66461,724004
2019,BA,1005961,13634913
2019,CE,868246,8539699
2019,DF,730219,4456602
2019,ES,584025,3822723
2019,GO,1003878,7404216
2019,MA,287113,5428563
2019,MG,3201880,21748006
2019,MS,417820,3075003
2019,MT,424386,3820009
2019,PA,397334,7212783
2019,PB,334659,3946437
2019,PE,572643,9491082
2019,PI,192068,3223865
2019,PR,2267921,12945873
2019,RJ,3341747,19279778
2019,RN,378751,3292047
2019,RO,154806,1759354
2019,RR,37281,507072
2019,RS,2020270,12864617
2019,SC,1496700,7941971
2019,SE,206190,2043241
2019,SP,10566098,63209551
2019,TO,116840,1564869
2019,AC,65723,757353
2019,AL,177950,2912757
2019,AM,329084,3517512
2019,AP,66406,723035
2019,BA,1022257,13599674
2019,CE,860420,8521930
2019,DF,731286,4451600
2019,ES,585304,3839218
2019,GO,1005799,7403863
2019,MA,265159,5416880
2019,MG,3307165,21741267
2019,MS,422097,3057845
2019,MT,424904,3804111
2019,PA,395263,7183299
2019,PB,335937,3958746
2019,PE,579260,9466653
2019,PI,192207,3205166
2019,PR,2270329,12888299
2019,RJ,3325401,19279201
2019,RN,379751,3288306
2019,RO,150998,1744899
2019,RR,37529,506480
2019,RS,2005090,12830736
2019,SC,1522155,7929151
2019,SE,204552,2046630
2019,SP,10529006,63343312
2019,TO,121654,1553485
2019,AC,66026,753337
2019,AL,173374,2903296
2019,AM,327287,3536889
2019,AP,66296,727135
2019,BA,1006259,13521476
2019,CE,847097,8495695
2019,DF,733964,4423310
2019,ES,591298,3852330
2019,GO,1005714,7376541
2019,MA,291725,5425707
2019,MG,3278786,21729171
2019,MS,424548,3037826
2019,MT,422742,3799590
2019,PA,392617,7190072
2019,PB,337683,3966605
2019,PE,584072,9397165
2019,PI,194877,3186868
2019,PR,2271155,12869072
2019,RJ,3371219,19250692
2019,RN,372629,3279507
2019,RO,157474,1733785
2019,RR,37612,510215
2019,RS,2055475,12832361
2019,SC,1543822,7942070
2019,SE,208712,2053422
2019,SP,10556422,63547107
2019,TO,119036,1540079
2019,AC,65522,751063
2019,AL,175367,2890573
2019,AM,326187,3534332
2019,AP,66200,726282
2019,BA,1042484,13477451
2019,CE,870988,8472792
2019,DF,735110,4400710
2019,ES,585689,3848144
2019,GO,1004481,7375413
2019,MA,293937,5419743
2019,MG,3316974,21692742
2019,MS,419485,3029908
2019,MT,424127,3792659
2019,PA,388570,7174748
2019,PB,345766,3946779
2019,PE,590538,9359720
2019,PI,193986,3169671
2019,PR,2314294,12868825
2019,RJ,3390018,19196980
2019,RN,383322,3270774
2019,RO,157091,1732760
2019,RR,37372,513075
2019,RS,2007544,12825911
2019,SC,1596738,7930069
2019,SE,210702,2047896
2019,SP,10547570,63651069
2019,TO,112745,1532676
2019,AC,65681,754621
2019,AL,172913,2882976
2019,AM,326822,3541596
2019,AP,65622,727550
2019,BA,1021375,13463432
2019,CE,897214,8496417
2019,DF,735676,4396284
2019,ES,585248,3858010
2019,GO,1001904,7378597
2019,MA,290422,5411366
2019,MG,3313529,21711623
2019,MS,417146,3023925
2019,MT,424598,3798472
2019,PA,385362,7184833
2019,PB,345189,3953141
2019,PE,586467,9347820
2019,PI,196585,3159070
2019,PR,2321096,12866584
2019,RJ,3399125,19172263
2019,RN,385412,3273178
2019,RO,158609,1725907
2019,RR,37551,517410
2019,RS,2117976,12777753
2019,SC,1610523,7962797
2019,SE,215215,2056422
2019,SP,10630500,63676076
2019,TO,117910,1522536
2019,AC,65657,761754
2019,AL,173737,2864564
2019,AM,327044,3548301
2019,AP,65506,728270
2019,BA,1030727,13413610
2019,CE,708405,8474985
2019,DF,735879,4390880
2019,ES,578968,3868449
2019,GO,1007204,7394857
2019,MA,287843,5393320
2019,MG,3406165,21681656
2019,MS,417938,3019421
2019,MT,430777,3802071
2019,PA,388860,7174240
2019,PB,314623,3946103
2019,PE,582176,9306520
2019,PI,197753,3181778
2019,PR,2320957,12848919
2019,RJ,3397735,19095634
2019,RN,335116,3259087
2019,RO,162099,1720708
2019,RR,37438,519185
2019,RS,2126134,12727649
2019,SC,1593950,7978631
2019,SE,203145,2053312
2019,SP,10673180,63716074
2019,TO,116574,1519997
2019,AC,66822,767220
2019,AL,175409,2856595
2019,AM,330221,3553662
2019,AP,72715,732086
2019,BA,1027341,13425996
2019,CE,719010,8496440
2019,DF,735046,4377105
2019,ES,597896,3878881
2019,GO,1012289,7382012
2019,MA,301580,5393844
2019,MG,3427581,21695247
2019,MS,426483,3015223
2019,MT,440141,3811120
2019,PA,397038,7185071
2019,PB,316413,3956138
2019,PE,589922,9240439
2019,PI,201169,3192993
2019,PR,2353899,12832044
2019,RJ,3429920,19039432
2019,RN,358502,3255071
2019,RO,166146,1720146
2019,RR,38235,521171
2019,RS,2192035,12715744
2019,SC,1654626,8041460
2019,SE,218803,2056971
2019,SP,10688392,63923997
2019,TO,120768,1519034
2019,AC,66417,762333
2019,AL,173525,2844364
2019,AM,334538,3531769
2019,AP,73206,732077
2019,BA,1064490,13391141
2019,CE,945940,8467854
2019,DF,732979,4361659
2019,ES,586961,3882141
2019,GO,1000800,7401048
2019,MA,308453,5379366
2019,MG,3429348,21692664
2019,MS,417697,2987409
2019,MT,441523,3780715
2019,PA,392893,7131471
2019,PB,353551,3943829
2019,PE,589588,9215538
2019,PI,208941,3195320
2019,PR,2339281,12821066
2019,RJ,3434662,19022885
2019,RN,388290,3248065
2019,RO,168037,1707525
2019,RR,36903,520086
2019,RS,2256116,12677296
2019,SC,1680596,8034517
2019,SE,225148,2056863
2019,SP,10729297,63949054
2019,TO,121421,1509073
2019,AC,66350,759294
2019,AL,175390,2843397
2019,AM,337080,3480382
2019,AP,73849,733535
2019,BA,1077608,13389670
2019,CE,742315,8419386
2019,DF,732993,4076579
2019,ES,597255,3898285
2019,GO,1006027,7845871
2019,MA,307341,5401768
2019,MG,3461027,21751024
2019,MS,421978,2964999
2019,MT,446132,3771683
2019,PA,414875,7146342
2019,PB,322881,3937954
2019,PE,593706,9258849
2019,PI,200000,3008403
2019,PR,2349200,12745851
2019,RJ,3446555,19059114
2019,RN,354433,3219797
2019,RO,169341,1702015
2019,RR,36116,518077
2019,RS,2256232,12642348
2019,SC,1705488,7909827
2019,SE,223269,2059757
2019,SP,10732625,64007606
2019,TO,124105,1508511
2019,AC,65991,758293
2019,AL,178638,2816864
2019,AM,340147,3525907
2019,AP,65382,731012
2019,BA,1094318,13597014
2019,CE,948890,8476431
2019,DF,734440,4302145
2019,ES,592026,3998576
2019,GO,1019041,8671903
2019,MA,310920,5301842
2019,MG,3535922,22570310
2019,MS,416811,3094409
2019,MT,451664,3779077
2019,PA,410513,7127701
2019,PB,354279,4070527
2019,PE,608523,9446168
2019,PI,209118,3105927
2019,PR,2350261,14002892
2019,RJ,3434961,19634646
2019,RN,391528,3128519
2019,RO,176401,1672590
2019,RR,40116,519958
2019,RS,2184554,13858227
2019,SC,1719857,8530997
2019,SE,226026,2061502
2019,SP,10726678,80591229
2019,TO,123601,1551312
2019,AC,68095,761014
2019,AL,176852,2808341
2019,AM,348537,3533746
2019,AP,72300,732754
2019,BA,1052140,13575843
2019,CE,928101,8449261
2019,DF,727878,4283521
2019,ES,575028,4019046
2019,GO,993227,8659575
2019,MA,308231,5276440
2019,MG,3495064,22624038
2019,MS,412568,3097805
2019,MT,444020,3776980
2019,PA,415172,7132822
2019,PB,405031,4061389
2019,PE,618670,9421297
2019,PI,208441,3117915
2019,PR,2305055,14009455
2019,RJ,3477257,19614595
2019,RN,383823,3124040
2019,RO,169922,1668407
2019,RR,37817,523676
2019,RS,2145855,13957560
2019,SC,1669139,8539523
2019,SE,240143,2073374
2019,SP,10650439,82148152
2019,TO,111607,1537076
2019,AC,68205,757104
2019,AL,175040,2704476
2019,AM,344512,3540806
2019,AP,80876,732169
2019,BA,1068384,13321012
2019,CE,936925,8112075
2019,DF,720018,4186296
2019,ES,572925,3992697
2019,GO,981626,8423248
2019,MA,317537,5110387
2019,MG,3497474,22371778
2019,MS,407237,3048650
2019,MT,441813,3726987
2019,PA,417091,7084729
2019,PB,394587,3955750
2019,PE,627913,9333524
2019,PI,203223,2948012
2019,PR,2320039,14069524
2019,RJ,3452289,19066140
2019,RN,375024,3038141
2019,RO,168542,1622927
2019,RR,37268,514738
2019,RS,2200874,13916506
2019,SC,1678749,8555501
2019,SE,229411,2050301
2019,SP,10726018,83650167
2019,TO,119853,1494259
2020,AC,68272,748218
2020,AL,175111,2700777
2020,AM,347410,3535006
2020,AP,84216,735388
2020,BA,1090230,13301301
2020,CE,954273,8147399
2020,DF,715850,4067494
2020,ES,587274,4008045
2020,GO,990641,8439743
2020,MA,315696,5214550
2020,MG,3505593,22353897
2020,MS,408534,3030491
2020,MT,442930,3706618
2020,PA,417417,7118959
2020,PB,392772,3942030
2020,PE,641869,9192379
2020,PI,197922,2970273
2020,PR,2282606,14025631
2020,RJ,3407762,19148121
2020,RN,390452,3061349
2020,RO,173738,1623508
2020,RR,36106,517421
2020,RS,2118266,13820555
2020,SC,1638411,8478762
2020,SE,228800,2054143
2020,SP,10741436,84097918
2020,TO,114885,1496459
2020,AC,69450,748218
2020,AL,169586,2700777
2020,AM,351250,3535006
2020,AP,86716,735388
2020,BA,1050939,13301301
2020,CE,922447,8147399
2020,DF,715533,4067494
2020,ES,589205,4008045
2020,GO,976875,8439743
2020,MA,318551,5214550
2020,MG,3514992,22353897
2020,MS,402021,3030491
2020,MT,443354,3706618
2020,PA,415363,7118959
2020,PB,409968,3942030
2020,PE,623891,9192379
2020,PI,189359,2970273
2020,PR,2309279,14025631
2020,RJ,3388056,19148121
2020,RN,381829,3061349
2020,RO,176253,1623508
2020,RR,35753,517421
2020,RS,2207884,13820555
2020,SC,1725008,8478762
2020,SE,234640,2054143
2020,SP,10788288,84097918
2020,TO,120383,1496459
2020,AC,70716,748218
2020,AL,171424,2700777
2020,AM,358589,3535006
2020,AP,88538,735388
2020,BA,1107363,13301301
2020,CE,929459,8147399
2020,DF,718575,4067494
2020,ES,603307,4008045
2020,GO,986139,8439743
2020,MA,326756,5214550
2020,MG,3535480,22353897
2020,MS,412518,3030491
2020,MT,452054,3706618
2020,PA,427507,7118959
2020,PB,413896,3942030
2020,PE,649141,9192379
2020,PI,214945,2970273
2020,PR,2352849,14025631
2020,RJ,3436652,19148121
2020,RN,422369,3061349
2020,RO,187540,1623508
2020,RR,38236,517421
2020,RS,2285844,13820555
2020,SC,1809045,8478762
2020,SE,251851,2054143
2020,SP,10863204,84097918
2020,TO,116641,1496459
2020,AC,70545,748218
2020,AL,171591,2700777
2020,AM,359607,3535006
2020,AP,88645,735388
2020,BA,1090895,13301301
2020,CE,931081,8147399
2020,DF,718211,4067494
2020,ES,581539,4008045
2020,GO,979637,8439743
2020,MA,326163,5214550
2020,MG,3537716,22353897
2020,MS,410239,3030491
2020,MT,454043,3706618
2020,PA,429870,7118959
2020,PB,408070,3942030
2020,PE,642821,9192379
2020,PI,207590,2970273
2020,PR,2345012,14025631
2020,RJ,3415757,19148121
2020,RN,402085,3061349
2020,RO,182004,1623508
2020,RR,38389,517421
2020,RS,2204856,13820555
2020,SC,1766695,8478762
2020,SE,253289,2054143
2020,SP,10862089,84097918
2020,TO,116463,1496459
2020,AC,73676,748218
2020,AL,172156,2700777
2020,AM,367252,3535006
2020,AP,91514,735388
2020,BA,1201661,13301301
2020,CE,1005705,8147399
2020,DF,721393,4067494
2020,ES,606495,4008045
2020,GO,1038916,8439743
2020,MA,336286,5214550
2020,MG,3624359,22353897
2020,MS,411444,3030491
2020,MT,458715,3706618
2020,PA,446923,7118959
2020,PB,433174,3942030
2020,PE,660670,9192379
2020,PI,219576,2970273
2020,PR,2409890,14025631
2020,RJ,3417786,19148121
2020,RN,442828,3061349
2020,RO,183731,1623508
2020,RR,41541,517421
2020,RS,2305412,13820555
2020,SC,1796930,8478762
2020,SE,258958,2054143
2020,SP,10879699,84097918
2020,TO,120925,1496459
2020,AC,73881,693662
2020,AL,164908,2408646
2020,AM,369433,3266949
2020,AP,92473,655175
2020,BA,1198414,11286304
2020,CE,1012830,6518087
2020,DF,722774,3622526
2020,ES,575510,3685092
2020,GO,1048486,7636290
2020,MA,345925,4500044
2020,MG,3718891,19762763
2020,MS,408976,2708273
2020,MT,461938,3271047
2020,PA,449096,6336563
2020,PB,408835,3465694
2020,PE,687331,8054900
2020,PI,222120,2478707
2020,PR,2404095,12576467
2020,RJ,3417025,17326842
2020,RN,461549,2733514
2020,RO,188399,1499979
2020,RR,42901,494937
2020,RS,2363189,12317539
2020,SC,1822473,7581872
2020,SE,256033,1879337
2020,SP,10904342,77634723
2020,TO,118330,1288765
2020,AC,74279,727459
2020,AL,174624,2310072
2020,AM,372009,3472149
2020,AP,99248,689660
2020,BA,1232353,12061244
2020,CE,1073686,7654517
2020,DF,731306,3474602
2020,ES,599384,3918423
2020,GO,1049510,7994097
2020,MA,357177,4871143
2020,MG,3585796,21409547
2020,MS,410197,2821641
2020,MT,465801,3564447
2020,PA,461137,6844806
2020,PB,441297,3610134
2020,PE,682199,7765396
2020,PI,229345,2724151
2020,PR,2394256,13045422
2020,RJ,3487134,18230110
2020,RN,465368,2827473
2020,RO,195605,1541498
2020,RR,45974,523698
2020,RS,2275219,13815416
2020,SC,1841531,7688118
2020,SE,260066,2066679
2020,SP,11056851,83516595
2020,TO,119972,1306765
2020,AC,76223,727459
2020,AL,177136,2310072
2020,AM,371069,3472149
2020,AP,102842,689660
2020,BA,1231789,12061244
2020,CE,1094859,7654517
2020,DF,731443,3474602
2020,ES,627635,3918423
2020,GO,1066885,7994097
2020,MA,364129,4871143
2020,MG,3657005,21409547
2020,MS,411863,2821641
2020,MT,468074,3564447
2020,PA,466954,6844806
2020,PB,450567,3610134
2020,PE,698107,7765396
2020,PI,230231,2724151
2020,PR,2467513,13045422
2020,RJ,3451919,18230110
2020,RN,467110,2827473
2020,RO,199601,1541498
2020,RR,47039,523698
2020,RS,2188302,13815416
2020,SC,1835356,7688118
2020,SE,275652,2066679
2020,SP,10981862,83516595
2020,TO,121370,1306765
2020,AC,79805,727459
2020,AL,179178,2310072
2020,AM,385454,3472149
2020,AP,105512,689660
2020,BA,1235529,12061244
2020,CE,1089613,7654517
2020,DF,745804,3474602
2020,ES,613495,3918423
2020,GO,1121612,7994097
2020,MA,373552,4871143
2020,MG,3729456,21409547
2020,MS,415378,2821641
2020,MT,481063,3564447
2020,PA,467089,6844806
2020,PB,459703,3610134
2020,PE,671944,7765396
2020,PI,254247,2724151
2020,PR,2495947,13045422
2020,RJ,3564642,18230110
2020,RN,486107,2827473
2020,RO,204156,1541498
2020,RR,48488,523698
2020,RS,2331347,13815416
2020,SC,1880754,7688118
2020,SE,276109,2066679
2020,SP,11162763,83516595
2020,TO,121826,1306765
2020,AC,83190,775921
2020,AL,179845,2702875
2020,AM,381929,3828520
2020,AP,108306,752881
2020,BA,1217855,13092778
2020,CE,1135306,8084832
2020,DF,747001,3745201
2020,ES,632061,4104277
2020,GO,1101237,7679638
2020,MA,382354,5324413
2020,MG,3729891,22079565
2020,MS,417030,2866334
2020,MT,476965,3622347
2020,PA,485868,7156529
2020,PB,452129,3844248
2020,PE,676496,8960252
2020,PI,251717,2957097
2020,PR,2501468,12261808
2020,RJ,3502615,18595689
2020,RN,466729,3078306
2020,RO,201692,1632471
2020,RR,50497,538843
2020,RS,2326630,13099957
2020,SC,1868998,7729437
2020,SE,281855,2127417
2020,SP,11187358,69019889
2020,TO,123659,1447114
2020,AC,83557,775921
2020,AL,180653,2702875
2020,AM,382223,3828520
2020,AP,109417,752881
2020,BA,1256624,13092778
2020,CE,1135611,8084832
2020,DF,754864,3745201
2020,ES,647884,4104277
2020,GO,1104970,7679638
2020,MA,388225,5324413
2020,MG,3795580,22079565
2020,MS,422096,2866334
2020,MT,491180,3622347
2020,PA,489322,7156529
2020,PB,458314,3844248
2020,PE,681105,8960252
2020,PI,256464,2957097
2020,PR,2547527,12261808
2020,RJ,3536494,18595689
2020,RN,488897,3078306
2020,RO,218118,1632471
2020,RR,51997,538843
2020,RS,2480320,13099957
2020,SC,1974302,7729437
2020,SE,282398,2127417
2020,SP,11496851,69019889
2020,TO,124258,1447114
2020,AC,82684,775921
2020,AL,182073,2702875
2020,AM,381801,3828520
2020,AP,109972,752881
2020,BA,1242811,13092778
2020,CE,1182719,8084832
2020,DF,758050,3745201
2020,ES,626669,4104277
2020,GO,1131256,7679638
2020,MA,388668,5324413
2020,MG,3821225,22079565
2020,MS,420209,2866334
2020,MT,486915,3622347
2020,PA,498530,7156529
2020,PB,470254,3844248
2020,PE,695632,8960252
2020,PI,261075,2957097
2020,PR,2580039,12261808
2020,RJ,3514363,18595689
2020,RN,496277,3078306
2020,RO,217106,1632471
2020,RR,51991,538843
2020,RS,2544183,13099957
2020,SC,1979229,7729437
2020,SE,270195,2127417
2020,SP,11475504,69019889
2020,TO,124098,1447114
2021,AC,89846,838410
2021,AL,194862,3090165
2021,AM,408827,4620937
2021,AP,98395,799636
2021,BA,1291831,14683295
2021,CE,1148321,9657010
2021,DF,762571,4579497
2021,ES,640631,4549916
2021,GO,1088184,8047362
2021,MA,367665,5944707
2021,MG,3789706,24727836
2021,MS,427984,3127009
2021,MT,512592,4081656
2021,PA,497120,7940925
2021,PB,519964,4217396
2021,PE,680153,9951682
2021,PI,314960,3290324
2021,PR,2570946,13912320
2021,RJ,3584668,21399561
2021,RN,535440,3475170
2021,RO,217633,1825786
2021,RR,54359,564557
2021,RS,2459925,15405687
2021,SC,2066068,8894977
2021,SE,307102,2274406
2021,SP,11619694,86992576
2021,TO,116912,1605105
2021,AC,89429,843218
2021,AL,196072,3053207
2021,AM,411317,4073398
2021,AP,98435,807839
2021,BA,1306851,14849002
2021,CE,1133640,9766940
2021,DF,777697,4158231
2021,ES,642776,4571190
2021,GO,1090187,8458168
2021,MA,359913,6320754
2021,MG,3839628,24803332
2021,MS,430050,3142220
2021,MT,580221,4142418
2021,PA,508032,8166178
2021,PB,495409,4258713
2021,PE,701557,10185466
2021,PI,294277,3417362
2021,PR,2655471,14177623
2021,RJ,3523099,21425197
2021,RN,545341,3489066
2021,RO,213825,1841800
2021,RR,55792,571751
2021,RS,2467119,14168705
2021,SC,1981013,8803788
2021,SE,273951,2282748
2021,SP,11668300,91214802
2021,TO,115693,1607415
2021,AC,88499,852922
2021,AL,197070,3063138
2021,AM,427475,4144866
2021,AP,99698,803108
2021,BA,1296414,15003551
2021,CE,1150457,10183035
2021,DF,774099,4181967
2021,ES,606914,4601715
2021,GO,1082827,8594830
2021,MA,361995,6499741
2021,MG,3838823,24953034
2021,MS,427632,3163784
2021,MT,517773,4200097
2021,PA,510889,8043757
2021,PB,501144,4374049
2021,PE,691731,10368174
2021,PI,301443,3439284
2021,PR,2421060,14307863
2021,RJ,3512635,21613050
2021,RN,540692,3538491
2021,RO,225110,1866503
2021,RR,55446,581963
2021,RS,2480539,14576422
2021,SC,2022270,8808326
2021,SE,271579,2295365
2021,SP,11727605,92620622
2021,TO,121408,1617136
2021,AC,91007,854717
2021,AL,204276,3083438
2021,AM,411784,4213451
2021,AP,104284,820657
2021,BA,1332684,15202539
2021,CE,1201725,10374074
2021,DF,789404,4219777
2021,ES,632623,4612155
2021,GO,1133946,8649496
2021,MA,366273,6557241
2021,MG,3716954,25075764
2021,MS,447139,3136727
2021,MT,504374,4221537
2021,PA,509945,8109039
2021,PB,501631,4435344
2021,PE,726692,10497566
2021,PI,304400,3444371
2021,PR,2470107,14346236
2021,RJ,3463007,21726426
2021,RN,563678,3597683
2021,RO,238594,1877732
2021,RR,56495,586591
2021,RS,2433699,14705639
2021,SC,2039324,8780911
2021,SE,265908,2310617
2021,SP,11833643,93069748
2021,TO,114406,1643141
2021,AC,91265,865324
2021,AL,198226,3099218
2021,AM,409216,4309536
2021,AP,115605,833464
2021,BA,1296235,15402246
2021,CE,1233010,10553569
2021,DF,788291,4248641
2021,ES,657397,4663421
2021,GO,1133603,8703263
2021,MA,379161,6613133
2021,MG,3887114,25468321
2021,MS,454692,3167598
2021,MT,546773,4268270
2021,PA,547966,8180189
2021,PB,506909,4497257
2021,PE,731092,10555106
2021,PI,268837,3467586
2021,PR,2722132,14520561
2021,RJ,3530218,21896909
2021,RN,542748,3617041
2021,RO,238133,1899094
2021,RR,58622,592351
2021,RS,2506730,14824736
2021,SC,2094016,8817435
2021,SE,237393,2337839
2021,SP,12110825,93545585
2021,TO,111855,1662600
2021,AC,94536,876816
2021,AL,203893,3106745
2021,AM,417782,4291681
2021,AP,103961,840725
2021,BA,1354171,15615388
2021,CE,1097025,10694170
2021,DF,786417,4224577
2021,ES,662191,4831349
2021,GO,1138618,8720016
2021,MA,400600,6661150
2021,MG,4012303,24565174
2021,MS,458152,3149417
2021,MT,542947,4333842
2021,PA,576130,8219053
2021,PB,504149,4499256
2021,PE,689410,10628513
2021,PI,272549,3491120
2021,PR,2727183,14517651
2021,RJ,3612120,22006690
2021,RN,537402,3632486
2021,RO,242972,1917058
2021,RR,60043,596875
2021,RS,2304737,14804880
2021,SC,1984165,8922499
2021,SE,275929,2360009
2021,SP,11963441,91054125
2021,TO,113457,1676690
2021,AC,97177,876632
2021,AL,228891,3252710
2021,AM,422970,4286020
2021,AP,117723,843726
2021,BA,1424269,15648239
2021,CE,1323142,10790656
2021,DF,799624,4198454
2021,ES,688372,4715090
2021,GO,1164169,8887327
2021,MA,437183,6681462
2021,MG,4231168,25800705
2021,MS,472931,3180287
2021,MT,582166,4370025
2021,PA,661143,8272092
2021,PB,526466,4588522
2021,PE,794525,10696101
2021,PI,293517,3521419
2021,PR,2803984,14467447
2021,RJ,3694593,22136028
2021,RN,571857,3676666
2021,RO,253292,1922203
2021,RR,60845,600388
2021,RS,2770194,15107679
2021,SC,2108450,8949011
2021,SE,302736,2387112
2021,SP,12427769,95205301
2021,TO,116543,1691586
